-- MySQL dump 10.13  Distrib 8.0.22, for osx10.15 (x86_64)
--
-- Host: localhost    Database: country_area
-- ------------------------------------------------------
-- Server version	8.0.22

/*!40101 SET @OLD_CHARACTER_SET_CLIENT=@@CHARACTER_SET_CLIENT */;
/*!40101 SET @OLD_CHARACTER_SET_RESULTS=@@CHARACTER_SET_RESULTS */;
/*!40101 SET @OLD_COLLATION_CONNECTION=@@COLLATION_CONNECTION */;
/*!50503 SET NAMES utf8mb4 */;
/*!40103 SET @OLD_TIME_ZONE=@@TIME_ZONE */;
/*!40103 SET TIME_ZONE='+00:00' */;
/*!40014 SET @OLD_UNIQUE_CHECKS=@@UNIQUE_CHECKS, UNIQUE_CHECKS=0 */;
/*!40014 SET @OLD_FOREIGN_KEY_CHECKS=@@FOREIGN_KEY_CHECKS, FOREIGN_KEY_CHECKS=0 */;
/*!40101 SET @OLD_SQL_MODE=@@SQL_MODE, SQL_MODE='NO_AUTO_VALUE_ON_ZERO' */;
/*!40111 SET @OLD_SQL_NOTES=@@SQL_NOTES, SQL_NOTES=0 */;

--
-- Table structure for table `area`
--

DROP TABLE IF EXISTS `area`;
/*!40101 SET @saved_cs_client     = @@character_set_client */;
/*!50503 SET character_set_client = utf8mb4 */;
CREATE TABLE `area` (
  `id` varchar(18) NOT NULL COMMENT '区id',
  `area_name` varchar(18) NOT NULL COMMENT '区名称',
  `city_id` varchar(18) NOT NULL COMMENT '城市id',
  `create_at` datetime DEFAULT CURRENT_TIMESTAMP COMMENT '创建时间',
  `update_at` datetime DEFAULT CURRENT_TIMESTAMP COMMENT '更新时间',
  PRIMARY KEY (`id`)
) ENGINE=InnoDB DEFAULT CHARSET=utf8;
/*!40101 SET character_set_client = @saved_cs_client */;

--
-- Dumping data for table `area`
--

LOCK TABLES `area` WRITE;
/*!40000 ALTER TABLE `area` DISABLE KEYS */;
INSERT INTO `area` VALUES ('110101','东城区','1101','2021-02-20 10:58:28','2021-02-20 10:58:28'),('110102','西城区','1101','2021-02-20 10:58:28','2021-02-20 10:58:28'),('110105','朝阳区','1101','2021-02-20 10:58:28','2021-02-20 10:58:28'),('110106','丰台区','1101','2021-02-20 10:58:28','2021-02-20 10:58:28'),('110107','石景山区','1101','2021-02-20 10:58:28','2021-02-20 10:58:28'),('110108','海淀区','1101','2021-02-20 10:58:28','2021-02-20 10:58:28'),('110109','门头沟区','1101','2021-02-20 10:58:28','2021-02-20 10:58:28'),('110111','房山区','1101','2021-02-20 10:58:28','2021-02-20 10:58:28'),('110112','通州区','1101','2021-02-20 10:58:28','2021-02-20 10:58:28'),('110113','顺义区','1101','2021-02-20 10:58:28','2021-02-20 10:58:28'),('110114','昌平区','1101','2021-02-20 10:58:28','2021-02-20 10:58:28'),('110115','大兴区','1101','2021-02-20 10:58:28','2021-02-20 10:58:28'),('110116','怀柔区','1101','2021-02-20 10:58:28','2021-02-20 10:58:28'),('110117','平谷区','1101','2021-02-20 10:58:28','2021-02-20 10:58:28'),('110118','密云区','1101','2021-02-20 10:58:28','2021-02-20 10:58:28'),('110119','延庆区','1101','2021-02-20 10:58:28','2021-02-20 10:58:28'),('150902','集宁区','1509','2021-02-20 14:39:03','2021-02-20 14:39:03'),('150921','卓资县','1509','2021-02-20 14:39:03','2021-02-20 14:39:03'),('150922','化德县','1509','2021-02-20 14:39:03','2021-02-20 14:39:03'),('150923','商都县','1509','2021-02-20 14:39:03','2021-02-20 14:39:03'),('150924','兴和县','1509','2021-02-20 14:39:03','2021-02-20 14:39:03'),('150925','凉城县','1509','2021-02-20 14:39:03','2021-02-20 14:39:03'),('150926','察哈尔右翼前旗','1509','2021-02-20 14:39:03','2021-02-20 14:39:03'),('150927','察哈尔右翼中旗','1509','2021-02-20 14:39:03','2021-02-20 14:39:03'),('150928','察哈尔右翼后旗','1509','2021-02-20 14:39:03','2021-02-20 14:39:03'),('150929','四子王旗','1509','2021-02-20 14:39:03','2021-02-20 14:39:03'),('150981','丰镇市','1509','2021-02-20 14:39:03','2021-02-20 14:39:03');
/*!40000 ALTER TABLE `area` ENABLE KEYS */;
UNLOCK TABLES;

--
-- Table structure for table `city`
--

DROP TABLE IF EXISTS `city`;
/*!40101 SET @saved_cs_client     = @@character_set_client */;
/*!50503 SET character_set_client = utf8mb4 */;
CREATE TABLE `city` (
  `id` varchar(18) NOT NULL COMMENT '城市id',
  `city_name` varchar(18) NOT NULL COMMENT '城市名称',
  `province_id` varchar(18) NOT NULL COMMENT '省份id',
  `create_at` datetime DEFAULT CURRENT_TIMESTAMP COMMENT '创建时间',
  `update_at` datetime DEFAULT CURRENT_TIMESTAMP COMMENT '更新时间',
  PRIMARY KEY (`id`)
) ENGINE=InnoDB DEFAULT CHARSET=utf8;
/*!40101 SET character_set_client = @saved_cs_client */;

--
-- Dumping data for table `city`
--

LOCK TABLES `city` WRITE;
/*!40000 ALTER TABLE `city` DISABLE KEYS */;
INSERT INTO `city` VALUES ('1101','市辖区','11','2021-02-20 10:58:20','2021-02-20 10:58:20'),('1201','市辖区','12','2021-02-20 11:04:56','2021-02-20 11:04:56'),('1301','石家庄市','13','2021-02-20 11:04:57','2021-02-20 11:04:57'),('1302','唐山市','13','2021-02-20 11:04:57','2021-02-20 11:04:57'),('1303','秦皇岛市','13','2021-02-20 11:04:57','2021-02-20 11:04:57'),('1304','邯郸市','13','2021-02-20 11:04:57','2021-02-20 11:04:57'),('1305','邢台市','13','2021-02-20 11:04:57','2021-02-20 11:04:57'),('1306','保定市','13','2021-02-20 11:04:57','2021-02-20 11:04:57'),('1307','张家口市','13','2021-02-20 11:04:57','2021-02-20 11:04:57'),('1308','承德市','13','2021-02-20 11:04:57','2021-02-20 11:04:57'),('1309','沧州市','13','2021-02-20 11:04:57','2021-02-20 11:04:57'),('1310','廊坊市','13','2021-02-20 11:04:57','2021-02-20 11:04:57'),('1311','衡水市','13','2021-02-20 11:04:57','2021-02-20 11:04:57'),('1401','太原市','14','2021-02-20 11:04:57','2021-02-20 11:04:57'),('1402','大同市','14','2021-02-20 11:04:57','2021-02-20 11:04:57'),('1403','阳泉市','14','2021-02-20 11:04:57','2021-02-20 11:04:57'),('1404','长治市','14','2021-02-20 11:04:57','2021-02-20 11:04:57'),('1405','晋城市','14','2021-02-20 11:04:57','2021-02-20 11:04:57'),('1406','朔州市','14','2021-02-20 11:04:57','2021-02-20 11:04:57'),('1407','晋中市','14','2021-02-20 11:04:57','2021-02-20 11:04:57'),('1408','运城市','14','2021-02-20 11:04:57','2021-02-20 11:04:57'),('1409','忻州市','14','2021-02-20 11:04:57','2021-02-20 11:04:57'),('1410','临汾市','14','2021-02-20 11:04:57','2021-02-20 11:04:57'),('1411','吕梁市','14','2021-02-20 11:04:57','2021-02-20 11:04:57'),('1501','呼和浩特市','15','2021-02-20 11:04:58','2021-02-20 11:04:58'),('1502','包头市','15','2021-02-20 11:04:58','2021-02-20 11:04:58'),('1503','乌海市','15','2021-02-20 11:04:58','2021-02-20 11:04:58'),('1504','赤峰市','15','2021-02-20 11:04:58','2021-02-20 11:04:58'),('1505','通辽市','15','2021-02-20 11:04:58','2021-02-20 11:04:58'),('1506','鄂尔多斯市','15','2021-02-20 11:04:58','2021-02-20 11:04:58'),('1507','呼伦贝尔市','15','2021-02-20 11:04:58','2021-02-20 11:04:58'),('1508','巴彦淖尔市','15','2021-02-20 11:04:58','2021-02-20 11:04:58'),('1509','乌兰察布市','15','2021-02-20 11:04:58','2021-02-20 11:04:58'),('1522','兴安盟','15','2021-02-20 11:04:58','2021-02-20 11:04:58'),('1525','锡林郭勒盟','15','2021-02-20 11:04:58','2021-02-20 11:04:58'),('1529','阿拉善盟','15','2021-02-20 11:04:58','2021-02-20 11:04:58'),('2101','沈阳市','21','2021-02-20 11:04:58','2021-02-20 11:04:58'),('2102','大连市','21','2021-02-20 11:04:58','2021-02-20 11:04:58'),('2103','鞍山市','21','2021-02-20 11:04:58','2021-02-20 11:04:58'),('2104','抚顺市','21','2021-02-20 11:04:58','2021-02-20 11:04:58'),('2105','本溪市','21','2021-02-20 11:04:58','2021-02-20 11:04:58'),('2106','丹东市','21','2021-02-20 11:04:58','2021-02-20 11:04:58'),('2107','锦州市','21','2021-02-20 11:04:58','2021-02-20 11:04:58'),('2108','营口市','21','2021-02-20 11:04:58','2021-02-20 11:04:58'),('2109','阜新市','21','2021-02-20 11:04:58','2021-02-20 11:04:58'),('2110','辽阳市','21','2021-02-20 11:04:58','2021-02-20 11:04:58'),('2111','盘锦市','21','2021-02-20 11:04:58','2021-02-20 11:04:58'),('2112','铁岭市','21','2021-02-20 11:04:58','2021-02-20 11:04:58'),('2113','朝阳市','21','2021-02-20 11:04:58','2021-02-20 11:04:58'),('2114','葫芦岛市','21','2021-02-20 11:04:58','2021-02-20 11:04:58'),('2201','长春市','22','2021-02-20 11:04:59','2021-02-20 11:04:59'),('2202','吉林市','22','2021-02-20 11:04:59','2021-02-20 11:04:59'),('2203','四平市','22','2021-02-20 11:04:59','2021-02-20 11:04:59'),('2204','辽源市','22','2021-02-20 11:04:59','2021-02-20 11:04:59'),('2205','通化市','22','2021-02-20 11:04:59','2021-02-20 11:04:59'),('2206','白山市','22','2021-02-20 11:04:59','2021-02-20 11:04:59'),('2207','松原市','22','2021-02-20 11:04:59','2021-02-20 11:04:59'),('2208','白城市','22','2021-02-20 11:04:59','2021-02-20 11:04:59'),('2224','延边朝鲜族自治州','22','2021-02-20 11:04:59','2021-02-20 11:04:59'),('2301','哈尔滨市','23','2021-02-20 11:04:59','2021-02-20 11:04:59'),('2302','齐齐哈尔市','23','2021-02-20 11:04:59','2021-02-20 11:04:59'),('2303','鸡西市','23','2021-02-20 11:04:59','2021-02-20 11:04:59'),('2304','鹤岗市','23','2021-02-20 11:04:59','2021-02-20 11:04:59'),('2305','双鸭山市','23','2021-02-20 11:04:59','2021-02-20 11:04:59'),('2306','大庆市','23','2021-02-20 11:04:59','2021-02-20 11:04:59'),('2307','伊春市','23','2021-02-20 11:04:59','2021-02-20 11:04:59'),('2308','佳木斯市','23','2021-02-20 11:04:59','2021-02-20 11:04:59'),('2309','七台河市','23','2021-02-20 11:04:59','2021-02-20 11:04:59'),('2310','牡丹江市','23','2021-02-20 11:04:59','2021-02-20 11:04:59'),('2311','黑河市','23','2021-02-20 11:04:59','2021-02-20 11:04:59'),('2312','绥化市','23','2021-02-20 11:04:59','2021-02-20 11:04:59'),('2327','大兴安岭地区','23','2021-02-20 11:04:59','2021-02-20 11:04:59'),('3101','市辖区','31','2021-02-20 11:05:00','2021-02-20 11:05:00'),('3201','南京市','32','2021-02-20 11:05:00','2021-02-20 11:05:00'),('3202','无锡市','32','2021-02-20 11:05:00','2021-02-20 11:05:00'),('3203','徐州市','32','2021-02-20 11:05:00','2021-02-20 11:05:00'),('3204','常州市','32','2021-02-20 11:05:00','2021-02-20 11:05:00'),('3205','苏州市','32','2021-02-20 11:05:00','2021-02-20 11:05:00'),('3206','南通市','32','2021-02-20 11:05:00','2021-02-20 11:05:00'),('3207','连云港市','32','2021-02-20 11:05:00','2021-02-20 11:05:00'),('3208','淮安市','32','2021-02-20 11:05:00','2021-02-20 11:05:00'),('3209','盐城市','32','2021-02-20 11:05:00','2021-02-20 11:05:00'),('3210','扬州市','32','2021-02-20 11:05:00','2021-02-20 11:05:00'),('3211','镇江市','32','2021-02-20 11:05:00','2021-02-20 11:05:00'),('3212','泰州市','32','2021-02-20 11:05:00','2021-02-20 11:05:00'),('3213','宿迁市','32','2021-02-20 11:05:00','2021-02-20 11:05:00'),('3301','杭州市','33','2021-02-20 11:05:01','2021-02-20 11:05:01'),('3302','宁波市','33','2021-02-20 11:05:01','2021-02-20 11:05:01'),('3303','温州市','33','2021-02-20 11:05:01','2021-02-20 11:05:01'),('3304','嘉兴市','33','2021-02-20 11:05:01','2021-02-20 11:05:01'),('3305','湖州市','33','2021-02-20 11:05:01','2021-02-20 11:05:01'),('3306','绍兴市','33','2021-02-20 11:05:01','2021-02-20 11:05:01'),('3307','金华市','33','2021-02-20 11:05:01','2021-02-20 11:05:01'),('3308','衢州市','33','2021-02-20 11:05:01','2021-02-20 11:05:01'),('3309','舟山市','33','2021-02-20 11:05:01','2021-02-20 11:05:01'),('3310','台州市','33','2021-02-20 11:05:01','2021-02-20 11:05:01'),('3311','丽水市','33','2021-02-20 11:05:01','2021-02-20 11:05:01'),('3401','合肥市','34','2021-02-20 11:05:01','2021-02-20 11:05:01'),('3402','芜湖市','34','2021-02-20 11:05:01','2021-02-20 11:05:01'),('3403','蚌埠市','34','2021-02-20 11:05:01','2021-02-20 11:05:01'),('3404','淮南市','34','2021-02-20 11:05:01','2021-02-20 11:05:01'),('3405','马鞍山市','34','2021-02-20 11:05:01','2021-02-20 11:05:01'),('3406','淮北市','34','2021-02-20 11:05:01','2021-02-20 11:05:01'),('3407','铜陵市','34','2021-02-20 11:05:01','2021-02-20 11:05:01'),('3408','安庆市','34','2021-02-20 11:05:01','2021-02-20 11:05:01'),('3410','黄山市','34','2021-02-20 11:05:01','2021-02-20 11:05:01'),('3411','滁州市','34','2021-02-20 11:05:01','2021-02-20 11:05:01'),('3412','阜阳市','34','2021-02-20 11:05:01','2021-02-20 11:05:01'),('3413','宿州市','34','2021-02-20 11:05:01','2021-02-20 11:05:01'),('3415','六安市','34','2021-02-20 11:05:01','2021-02-20 11:05:01'),('3416','亳州市','34','2021-02-20 11:05:01','2021-02-20 11:05:01'),('3417','池州市','34','2021-02-20 11:05:01','2021-02-20 11:05:01'),('3418','宣城市','34','2021-02-20 11:05:01','2021-02-20 11:05:01'),('3501','福州市','35','2021-02-20 11:05:02','2021-02-20 11:05:02'),('3502','厦门市','35','2021-02-20 11:05:02','2021-02-20 11:05:02'),('3503','莆田市','35','2021-02-20 11:05:02','2021-02-20 11:05:02'),('3504','三明市','35','2021-02-20 11:05:02','2021-02-20 11:05:02'),('3505','泉州市','35','2021-02-20 11:05:02','2021-02-20 11:05:02'),('3506','漳州市','35','2021-02-20 11:05:02','2021-02-20 11:05:02'),('3507','南平市','35','2021-02-20 11:05:02','2021-02-20 11:05:02'),('3508','龙岩市','35','2021-02-20 11:05:02','2021-02-20 11:05:02'),('3509','宁德市','35','2021-02-20 11:05:02','2021-02-20 11:05:02'),('3601','南昌市','36','2021-02-20 11:05:02','2021-02-20 11:05:02'),('3602','景德镇市','36','2021-02-20 11:05:02','2021-02-20 11:05:02'),('3603','萍乡市','36','2021-02-20 11:05:02','2021-02-20 11:05:02'),('3604','九江市','36','2021-02-20 11:05:02','2021-02-20 11:05:02'),('3605','新余市','36','2021-02-20 11:05:02','2021-02-20 11:05:02'),('3606','鹰潭市','36','2021-02-20 11:05:02','2021-02-20 11:05:02'),('3607','赣州市','36','2021-02-20 11:05:02','2021-02-20 11:05:02'),('3608','吉安市','36','2021-02-20 11:05:02','2021-02-20 11:05:02'),('3609','宜春市','36','2021-02-20 11:05:02','2021-02-20 11:05:02'),('3610','抚州市','36','2021-02-20 11:05:02','2021-02-20 11:05:02'),('3611','上饶市','36','2021-02-20 11:05:02','2021-02-20 11:05:02'),('3701','济南市','37','2021-02-20 11:05:02','2021-02-20 11:05:02'),('3702','青岛市','37','2021-02-20 11:05:02','2021-02-20 11:05:02'),('3703','淄博市','37','2021-02-20 11:05:02','2021-02-20 11:05:02'),('3704','枣庄市','37','2021-02-20 11:05:02','2021-02-20 11:05:02'),('3705','东营市','37','2021-02-20 11:05:02','2021-02-20 11:05:02'),('3706','烟台市','37','2021-02-20 11:05:02','2021-02-20 11:05:02'),('3707','潍坊市','37','2021-02-20 11:05:02','2021-02-20 11:05:02'),('3708','济宁市','37','2021-02-20 11:05:02','2021-02-20 11:05:02'),('3709','泰安市','37','2021-02-20 11:05:02','2021-02-20 11:05:02'),('3710','威海市','37','2021-02-20 11:05:02','2021-02-20 11:05:02'),('3711','日照市','37','2021-02-20 11:05:02','2021-02-20 11:05:02'),('3713','临沂市','37','2021-02-20 11:05:02','2021-02-20 11:05:02'),('3714','德州市','37','2021-02-20 11:05:02','2021-02-20 11:05:02'),('3715','聊城市','37','2021-02-20 11:05:02','2021-02-20 11:05:02'),('3716','滨州市','37','2021-02-20 11:05:02','2021-02-20 11:05:02'),('3717','菏泽市','37','2021-02-20 11:05:02','2021-02-20 11:05:02'),('4101','郑州市','41','2021-02-20 11:05:03','2021-02-20 11:05:03'),('4102','开封市','41','2021-02-20 11:05:03','2021-02-20 11:05:03'),('4103','洛阳市','41','2021-02-20 11:05:03','2021-02-20 11:05:03'),('4104','平顶山市','41','2021-02-20 11:05:03','2021-02-20 11:05:03'),('4105','安阳市','41','2021-02-20 11:05:03','2021-02-20 11:05:03'),('4106','鹤壁市','41','2021-02-20 11:05:03','2021-02-20 11:05:03'),('4107','新乡市','41','2021-02-20 11:05:03','2021-02-20 11:05:03'),('4108','焦作市','41','2021-02-20 11:05:03','2021-02-20 11:05:03'),('4109','濮阳市','41','2021-02-20 11:05:03','2021-02-20 11:05:03'),('4110','许昌市','41','2021-02-20 11:05:03','2021-02-20 11:05:03'),('4111','漯河市','41','2021-02-20 11:05:03','2021-02-20 11:05:03'),('4112','三门峡市','41','2021-02-20 11:05:03','2021-02-20 11:05:03'),('4113','南阳市','41','2021-02-20 11:05:03','2021-02-20 11:05:03'),('4114','商丘市','41','2021-02-20 11:05:03','2021-02-20 11:05:03'),('4115','信阳市','41','2021-02-20 11:05:03','2021-02-20 11:05:03'),('4116','周口市','41','2021-02-20 11:05:03','2021-02-20 11:05:03'),('4117','驻马店市','41','2021-02-20 11:05:03','2021-02-20 11:05:03'),('4190','省直辖县级行政区划','41','2021-02-20 11:05:03','2021-02-20 11:05:03'),('4201','武汉市','42','2021-02-20 11:05:04','2021-02-20 11:05:04'),('4202','黄石市','42','2021-02-20 11:05:04','2021-02-20 11:05:04'),('4203','十堰市','42','2021-02-20 11:05:04','2021-02-20 11:05:04'),('4205','宜昌市','42','2021-02-20 11:05:04','2021-02-20 11:05:04'),('4206','襄阳市','42','2021-02-20 11:05:04','2021-02-20 11:05:04'),('4207','鄂州市','42','2021-02-20 11:05:04','2021-02-20 11:05:04'),('4208','荆门市','42','2021-02-20 11:05:04','2021-02-20 11:05:04'),('4209','孝感市','42','2021-02-20 11:05:04','2021-02-20 11:05:04'),('4210','荆州市','42','2021-02-20 11:05:04','2021-02-20 11:05:04'),('4211','黄冈市','42','2021-02-20 11:05:04','2021-02-20 11:05:04'),('4212','咸宁市','42','2021-02-20 11:05:04','2021-02-20 11:05:04'),('4213','随州市','42','2021-02-20 11:05:04','2021-02-20 11:05:04'),('4228','恩施土家族苗族自治州','42','2021-02-20 11:05:04','2021-02-20 11:05:04'),('4290','省直辖县级行政区划','42','2021-02-20 11:05:04','2021-02-20 11:05:04'),('4301','长沙市','43','2021-02-20 11:05:04','2021-02-20 11:05:04'),('4302','株洲市','43','2021-02-20 11:05:04','2021-02-20 11:05:04'),('4303','湘潭市','43','2021-02-20 11:05:04','2021-02-20 11:05:04'),('4304','衡阳市','43','2021-02-20 11:05:04','2021-02-20 11:05:04'),('4305','邵阳市','43','2021-02-20 11:05:04','2021-02-20 11:05:04'),('4306','岳阳市','43','2021-02-20 11:05:04','2021-02-20 11:05:04'),('4307','常德市','43','2021-02-20 11:05:04','2021-02-20 11:05:04'),('4308','张家界市','43','2021-02-20 11:05:04','2021-02-20 11:05:04'),('4309','益阳市','43','2021-02-20 11:05:04','2021-02-20 11:05:04'),('4310','郴州市','43','2021-02-20 11:05:04','2021-02-20 11:05:04'),('4311','永州市','43','2021-02-20 11:05:04','2021-02-20 11:05:04'),('4312','怀化市','43','2021-02-20 11:05:04','2021-02-20 11:05:04'),('4313','娄底市','43','2021-02-20 11:05:04','2021-02-20 11:05:04'),('4331','湘西土家族苗族自治州','43','2021-02-20 11:05:04','2021-02-20 11:05:04'),('4401','广州市','44','2021-02-20 11:05:05','2021-02-20 11:05:05'),('4402','韶关市','44','2021-02-20 11:05:05','2021-02-20 11:05:05'),('4403','深圳市','44','2021-02-20 11:05:05','2021-02-20 11:05:05'),('4404','珠海市','44','2021-02-20 11:05:05','2021-02-20 11:05:05'),('4405','汕头市','44','2021-02-20 11:05:05','2021-02-20 11:05:05'),('4406','佛山市','44','2021-02-20 11:05:05','2021-02-20 11:05:05'),('4407','江门市','44','2021-02-20 11:05:05','2021-02-20 11:05:05'),('4408','湛江市','44','2021-02-20 11:05:05','2021-02-20 11:05:05'),('4409','茂名市','44','2021-02-20 11:05:05','2021-02-20 11:05:05'),('4412','肇庆市','44','2021-02-20 11:05:05','2021-02-20 11:05:05'),('4413','惠州市','44','2021-02-20 11:05:05','2021-02-20 11:05:05'),('4414','梅州市','44','2021-02-20 11:05:05','2021-02-20 11:05:05'),('4415','汕尾市','44','2021-02-20 11:05:05','2021-02-20 11:05:05'),('4416','河源市','44','2021-02-20 11:05:05','2021-02-20 11:05:05'),('4417','阳江市','44','2021-02-20 11:05:05','2021-02-20 11:05:05'),('4418','清远市','44','2021-02-20 11:05:05','2021-02-20 11:05:05'),('4419','东莞市','44','2021-02-20 11:05:05','2021-02-20 11:05:05'),('4420','中山市','44','2021-02-20 11:05:05','2021-02-20 11:05:05'),('4451','潮州市','44','2021-02-20 11:05:05','2021-02-20 11:05:05'),('4452','揭阳市','44','2021-02-20 11:05:05','2021-02-20 11:05:05'),('4453','云浮市','44','2021-02-20 11:05:05','2021-02-20 11:05:05'),('4501','南宁市','45','2021-02-20 11:05:05','2021-02-20 11:05:05'),('4502','柳州市','45','2021-02-20 11:05:05','2021-02-20 11:05:05'),('4503','桂林市','45','2021-02-20 11:05:05','2021-02-20 11:05:05'),('4504','梧州市','45','2021-02-20 11:05:05','2021-02-20 11:05:05'),('4505','北海市','45','2021-02-20 11:05:05','2021-02-20 11:05:05'),('4506','防城港市','45','2021-02-20 11:05:05','2021-02-20 11:05:05'),('4507','钦州市','45','2021-02-20 11:05:05','2021-02-20 11:05:05'),('4508','贵港市','45','2021-02-20 11:05:05','2021-02-20 11:05:05'),('4509','玉林市','45','2021-02-20 11:05:05','2021-02-20 11:05:05'),('4510','百色市','45','2021-02-20 11:05:05','2021-02-20 11:05:05'),('4511','贺州市','45','2021-02-20 11:05:05','2021-02-20 11:05:05'),('4512','河池市','45','2021-02-20 11:05:05','2021-02-20 11:05:05'),('4513','来宾市','45','2021-02-20 11:05:05','2021-02-20 11:05:05'),('4514','崇左市','45','2021-02-20 11:05:05','2021-02-20 11:05:05'),('4601','海口市','46','2021-02-20 11:05:05','2021-02-20 11:05:05'),('4602','三亚市','46','2021-02-20 11:05:05','2021-02-20 11:05:05'),('4603','三沙市','46','2021-02-20 11:05:05','2021-02-20 11:05:05'),('4604','儋州市','46','2021-02-20 11:05:05','2021-02-20 11:05:05'),('4690','省直辖县级行政区划','46','2021-02-20 11:05:05','2021-02-20 11:05:05'),('5001','市辖区','50','2021-02-20 11:05:06','2021-02-20 11:05:06'),('5002','县','50','2021-02-20 11:05:06','2021-02-20 11:05:06'),('5101','成都市','51','2021-02-20 11:05:06','2021-02-20 11:05:06'),('5103','自贡市','51','2021-02-20 11:05:06','2021-02-20 11:05:06'),('5104','攀枝花市','51','2021-02-20 11:05:06','2021-02-20 11:05:06'),('5105','泸州市','51','2021-02-20 11:05:06','2021-02-20 11:05:06'),('5106','德阳市','51','2021-02-20 11:05:06','2021-02-20 11:05:06'),('5107','绵阳市','51','2021-02-20 11:05:06','2021-02-20 11:05:06'),('5108','广元市','51','2021-02-20 11:05:06','2021-02-20 11:05:06'),('5109','遂宁市','51','2021-02-20 11:05:06','2021-02-20 11:05:06'),('5110','内江市','51','2021-02-20 11:05:06','2021-02-20 11:05:06'),('5111','乐山市','51','2021-02-20 11:05:06','2021-02-20 11:05:06'),('5113','南充市','51','2021-02-20 11:05:06','2021-02-20 11:05:06'),('5114','眉山市','51','2021-02-20 11:05:06','2021-02-20 11:05:06'),('5115','宜宾市','51','2021-02-20 11:05:06','2021-02-20 11:05:06'),('5116','广安市','51','2021-02-20 11:05:06','2021-02-20 11:05:06'),('5117','达州市','51','2021-02-20 11:05:06','2021-02-20 11:05:06'),('5118','雅安市','51','2021-02-20 11:05:06','2021-02-20 11:05:06'),('5119','巴中市','51','2021-02-20 11:05:06','2021-02-20 11:05:06'),('5120','资阳市','51','2021-02-20 11:05:06','2021-02-20 11:05:06'),('5132','阿坝藏族羌族自治州','51','2021-02-20 11:05:06','2021-02-20 11:05:06'),('5133','甘孜藏族自治州','51','2021-02-20 11:05:06','2021-02-20 11:05:06'),('5134','凉山彝族自治州','51','2021-02-20 11:05:06','2021-02-20 11:05:06'),('5201','贵阳市','52','2021-02-20 11:05:07','2021-02-20 11:05:07'),('5202','六盘水市','52','2021-02-20 11:05:07','2021-02-20 11:05:07'),('5203','遵义市','52','2021-02-20 11:05:07','2021-02-20 11:05:07'),('5204','安顺市','52','2021-02-20 11:05:07','2021-02-20 11:05:07'),('5205','毕节市','52','2021-02-20 11:05:07','2021-02-20 11:05:07'),('5206','铜仁市','52','2021-02-20 11:05:07','2021-02-20 11:05:07'),('5223','黔西南布依族苗族自治州','52','2021-02-20 11:05:07','2021-02-20 11:05:07'),('5226','黔东南苗族侗族自治州','52','2021-02-20 11:05:07','2021-02-20 11:05:07'),('5227','黔南布依族苗族自治州','52','2021-02-20 11:05:07','2021-02-20 11:05:07'),('5301','昆明市','53','2021-02-20 11:05:08','2021-02-20 11:05:08'),('5303','曲靖市','53','2021-02-20 11:05:08','2021-02-20 11:05:08'),('5304','玉溪市','53','2021-02-20 11:05:08','2021-02-20 11:05:08'),('5305','保山市','53','2021-02-20 11:05:08','2021-02-20 11:05:08'),('5306','昭通市','53','2021-02-20 11:05:08','2021-02-20 11:05:08'),('5307','丽江市','53','2021-02-20 11:05:08','2021-02-20 11:05:08'),('5308','普洱市','53','2021-02-20 11:05:08','2021-02-20 11:05:08'),('5309','临沧市','53','2021-02-20 11:05:08','2021-02-20 11:05:08'),('5323','楚雄彝族自治州','53','2021-02-20 11:05:08','2021-02-20 11:05:08'),('5325','红河哈尼族彝族自治州','53','2021-02-20 11:05:08','2021-02-20 11:05:08'),('5326','文山壮族苗族自治州','53','2021-02-20 11:05:08','2021-02-20 11:05:08'),('5328','西双版纳傣族自治州','53','2021-02-20 11:05:08','2021-02-20 11:05:08'),('5329','大理白族自治州','53','2021-02-20 11:05:08','2021-02-20 11:05:08'),('5331','德宏傣族景颇族自治州','53','2021-02-20 11:05:08','2021-02-20 11:05:08'),('5333','怒江傈僳族自治州','53','2021-02-20 11:05:08','2021-02-20 11:05:08'),('5334','迪庆藏族自治州','53','2021-02-20 11:05:08','2021-02-20 11:05:08'),('5401','拉萨市','54','2021-02-20 11:05:08','2021-02-20 11:05:08'),('5402','日喀则市','54','2021-02-20 11:05:08','2021-02-20 11:05:08'),('5403','昌都市','54','2021-02-20 11:05:08','2021-02-20 11:05:08'),('5404','林芝市','54','2021-02-20 11:05:08','2021-02-20 11:05:08'),('5405','山南市','54','2021-02-20 11:05:08','2021-02-20 11:05:08'),('5406','那曲市','54','2021-02-20 11:05:08','2021-02-20 11:05:08'),('5425','阿里地区','54','2021-02-20 11:05:08','2021-02-20 11:05:08'),('6101','西安市','61','2021-02-20 11:05:08','2021-02-20 11:05:08'),('6102','铜川市','61','2021-02-20 11:05:08','2021-02-20 11:05:08'),('6103','宝鸡市','61','2021-02-20 11:05:08','2021-02-20 11:05:08'),('6104','咸阳市','61','2021-02-20 11:05:08','2021-02-20 11:05:08'),('6105','渭南市','61','2021-02-20 11:05:08','2021-02-20 11:05:08'),('6106','延安市','61','2021-02-20 11:05:08','2021-02-20 11:05:08'),('6107','汉中市','61','2021-02-20 11:05:08','2021-02-20 11:05:08'),('6108','榆林市','61','2021-02-20 11:05:08','2021-02-20 11:05:08'),('6109','安康市','61','2021-02-20 11:05:08','2021-02-20 11:05:08'),('6110','商洛市','61','2021-02-20 11:05:08','2021-02-20 11:05:08'),('6201','兰州市','62','2021-02-20 11:05:09','2021-02-20 11:05:09'),('6202','嘉峪关市','62','2021-02-20 11:05:09','2021-02-20 11:05:09'),('6203','金昌市','62','2021-02-20 11:05:09','2021-02-20 11:05:09'),('6204','白银市','62','2021-02-20 11:05:09','2021-02-20 11:05:09'),('6205','天水市','62','2021-02-20 11:05:09','2021-02-20 11:05:09'),('6206','武威市','62','2021-02-20 11:05:09','2021-02-20 11:05:09'),('6207','张掖市','62','2021-02-20 11:05:09','2021-02-20 11:05:09'),('6208','平凉市','62','2021-02-20 11:05:09','2021-02-20 11:05:09'),('6209','酒泉市','62','2021-02-20 11:05:09','2021-02-20 11:05:09'),('6210','庆阳市','62','2021-02-20 11:05:09','2021-02-20 11:05:09'),('6211','定西市','62','2021-02-20 11:05:09','2021-02-20 11:05:09'),('6212','陇南市','62','2021-02-20 11:05:09','2021-02-20 11:05:09'),('6229','临夏回族自治州','62','2021-02-20 11:05:09','2021-02-20 11:05:09'),('6230','甘南藏族自治州','62','2021-02-20 11:05:09','2021-02-20 11:05:09'),('6301','西宁市','63','2021-02-20 11:05:09','2021-02-20 11:05:09'),('6302','海东市','63','2021-02-20 11:05:09','2021-02-20 11:05:09'),('6322','海北藏族自治州','63','2021-02-20 11:05:09','2021-02-20 11:05:09'),('6323','黄南藏族自治州','63','2021-02-20 11:05:09','2021-02-20 11:05:09'),('6325','海南藏族自治州','63','2021-02-20 11:05:09','2021-02-20 11:05:09'),('6326','果洛藏族自治州','63','2021-02-20 11:05:09','2021-02-20 11:05:09'),('6327','玉树藏族自治州','63','2021-02-20 11:05:09','2021-02-20 11:05:09'),('6328','海西蒙古族藏族自治州','63','2021-02-20 11:05:09','2021-02-20 11:05:09'),('6401','银川市','64','2021-02-20 11:05:10','2021-02-20 11:05:10'),('6402','石嘴山市','64','2021-02-20 11:05:10','2021-02-20 11:05:10'),('6403','吴忠市','64','2021-02-20 11:05:10','2021-02-20 11:05:10'),('6404','固原市','64','2021-02-20 11:05:10','2021-02-20 11:05:10'),('6405','中卫市','64','2021-02-20 11:05:10','2021-02-20 11:05:10'),('6501','乌鲁木齐市','65','2021-02-20 11:05:11','2021-02-20 11:05:11'),('6502','克拉玛依市','65','2021-02-20 11:05:11','2021-02-20 11:05:11'),('6504','吐鲁番市','65','2021-02-20 11:05:11','2021-02-20 11:05:11'),('6505','哈密市','65','2021-02-20 11:05:11','2021-02-20 11:05:11'),('6523','昌吉回族自治州','65','2021-02-20 11:05:11','2021-02-20 11:05:11'),('6527','博尔塔拉蒙古自治州','65','2021-02-20 11:05:11','2021-02-20 11:05:11'),('6528','巴音郭楞蒙古自治州','65','2021-02-20 11:05:11','2021-02-20 11:05:11'),('6529','阿克苏地区','65','2021-02-20 11:05:11','2021-02-20 11:05:11'),('6530','克孜勒苏柯尔克孜自治州','65','2021-02-20 11:05:11','2021-02-20 11:05:11'),('6531','喀什地区','65','2021-02-20 11:05:11','2021-02-20 11:05:11'),('6532','和田地区','65','2021-02-20 11:05:11','2021-02-20 11:05:11'),('6540','伊犁哈萨克自治州','65','2021-02-20 11:05:11','2021-02-20 11:05:11'),('6542','塔城地区','65','2021-02-20 11:05:11','2021-02-20 11:05:11'),('6543','阿勒泰地区','65','2021-02-20 11:05:11','2021-02-20 11:05:11'),('6590','自治区直辖县级行政区划','65','2021-02-20 11:05:11','2021-02-20 11:05:11');
/*!40000 ALTER TABLE `city` ENABLE KEYS */;
UNLOCK TABLES;

--
-- Table structure for table `province`
--

DROP TABLE IF EXISTS `province`;
/*!40101 SET @saved_cs_client     = @@character_set_client */;
/*!50503 SET character_set_client = utf8mb4 */;
CREATE TABLE `province` (
  `id` varchar(18) NOT NULL COMMENT '省份id',
  `province_name` varchar(18) NOT NULL COMMENT '省份名称',
  `create_at` datetime DEFAULT CURRENT_TIMESTAMP COMMENT '创建时间',
  `update_at` datetime DEFAULT CURRENT_TIMESTAMP COMMENT '更新时间',
  `province_id` varchar(18) DEFAULT NULL COMMENT '上一级id',
  PRIMARY KEY (`id`)
) ENGINE=InnoDB DEFAULT CHARSET=utf8mb4 COLLATE=utf8mb4_0900_ai_ci;
/*!40101 SET character_set_client = @saved_cs_client */;

--
-- Dumping data for table `province`
--

LOCK TABLES `province` WRITE;
/*!40000 ALTER TABLE `province` DISABLE KEYS */;
INSERT INTO `province` VALUES ('11','北京市','2021-02-20 10:57:55','2021-02-20 10:57:55','0'),('12','天津市','2021-02-20 10:57:55','2021-02-20 10:57:55','0'),('13','河北省','2021-02-20 10:57:55','2021-02-20 10:57:55','0'),('14','山西省','2021-02-20 10:57:55','2021-02-20 10:57:55','0'),('15','内蒙古自治区','2021-02-20 10:57:55','2021-02-20 10:57:55','0'),('21','辽宁省','2021-02-20 10:57:55','2021-02-20 10:57:55','0'),('22','吉林省','2021-02-20 10:57:55','2021-02-20 10:57:55','0'),('23','黑龙江省','2021-02-20 10:57:55','2021-02-20 10:57:55','0'),('31','上海市','2021-02-20 10:57:55','2021-02-20 10:57:55','0'),('32','江苏省','2021-02-20 10:57:55','2021-02-20 10:57:55','0'),('33','浙江省','2021-02-20 10:57:55','2021-02-20 10:57:55','0'),('34','安徽省','2021-02-20 10:57:55','2021-02-20 10:57:55','0'),('35','福建省','2021-02-20 10:57:55','2021-02-20 10:57:55','0'),('36','江西省','2021-02-20 10:57:55','2021-02-20 10:57:55','0'),('37','山东省','2021-02-20 10:57:55','2021-02-20 10:57:55','0'),('41','河南省','2021-02-20 10:57:55','2021-02-20 10:57:55','0'),('42','湖北省','2021-02-20 10:57:55','2021-02-20 10:57:55','0'),('43','湖南省','2021-02-20 10:57:55','2021-02-20 10:57:55','0'),('44','广东省','2021-02-20 10:57:55','2021-02-20 10:57:55','0'),('45','广西壮族自治区','2021-02-20 10:57:55','2021-02-20 10:57:55','0'),('46','海南省','2021-02-20 10:57:55','2021-02-20 10:57:55','0'),('50','重庆市','2021-02-20 10:57:55','2021-02-20 10:57:55','0'),('51','四川省','2021-02-20 10:57:55','2021-02-20 10:57:55','0'),('52','贵州省','2021-02-20 10:57:55','2021-02-20 10:57:55','0'),('53','云南省','2021-02-20 10:57:55','2021-02-20 10:57:55','0'),('54','西藏自治区','2021-02-20 10:57:55','2021-02-20 10:57:55','0'),('61','陕西省','2021-02-20 10:57:55','2021-02-20 10:57:55','0'),('62','甘肃省','2021-02-20 10:57:55','2021-02-20 10:57:55','0'),('63','青海省','2021-02-20 10:57:55','2021-02-20 10:57:55','0'),('64','宁夏回族自治区','2021-02-20 10:57:55','2021-02-20 10:57:55','0'),('65','新疆维吾尔自治区','2021-02-20 10:57:55','2021-02-20 10:57:55','0');
/*!40000 ALTER TABLE `province` ENABLE KEYS */;
UNLOCK TABLES;

--
-- Table structure for table `town`
--

DROP TABLE IF EXISTS `town`;
/*!40101 SET @saved_cs_client     = @@character_set_client */;
/*!50503 SET character_set_client = utf8mb4 */;
CREATE TABLE `town` (
  `id` varchar(18) NOT NULL COMMENT '镇id',
  `town_name` varchar(18) DEFAULT NULL COMMENT '镇名称',
  `area_id` varchar(18) NOT NULL COMMENT '区id',
  `create_at` datetime DEFAULT CURRENT_TIMESTAMP COMMENT '创建时间',
  `update_at` datetime DEFAULT CURRENT_TIMESTAMP COMMENT '更新时间',
  PRIMARY KEY (`id`)
) ENGINE=InnoDB DEFAULT CHARSET=utf8 COMMENT='镇';
/*!40101 SET character_set_client = @saved_cs_client */;

--
-- Dumping data for table `town`
--

LOCK TABLES `town` WRITE;
/*!40000 ALTER TABLE `town` DISABLE KEYS */;
INSERT INTO `town` VALUES ('110101001','东华门街道','110101','2021-02-20 10:58:35','2021-02-20 10:58:35'),('110101002','景山街道','110101','2021-02-20 10:58:35','2021-02-20 10:58:35'),('110101003','交道口街道','110101','2021-02-20 10:58:35','2021-02-20 10:58:35'),('110101004','安定门街道','110101','2021-02-20 10:58:35','2021-02-20 10:58:35'),('110101005','北新桥街道','110101','2021-02-20 10:58:35','2021-02-20 10:58:35'),('110101006','东四街道','110101','2021-02-20 10:58:35','2021-02-20 10:58:35'),('110101007','朝阳门街道','110101','2021-02-20 10:58:35','2021-02-20 10:58:35'),('110101008','建国门街道','110101','2021-02-20 10:58:35','2021-02-20 10:58:35'),('110101009','东直门街道','110101','2021-02-20 10:58:35','2021-02-20 10:58:35'),('110101010','和平里街道','110101','2021-02-20 10:58:35','2021-02-20 10:58:35'),('110101011','前门街道','110101','2021-02-20 10:58:35','2021-02-20 10:58:35'),('110101012','崇文门外街道','110101','2021-02-20 10:58:35','2021-02-20 10:58:35'),('110101013','东花市街道','110101','2021-02-20 10:58:35','2021-02-20 10:58:35'),('110101014','龙潭街道','110101','2021-02-20 10:58:35','2021-02-20 10:58:35'),('110101015','体育馆路街道','110101','2021-02-20 10:58:35','2021-02-20 10:58:35'),('110101016','天坛街道','110101','2021-02-20 10:58:35','2021-02-20 10:58:35'),('110101017','永定门外街道','110101','2021-02-20 10:58:35','2021-02-20 10:58:35'),('110102001','西长安街街道','110102','2021-02-20 11:05:12','2021-02-20 11:05:12'),('110102003','新街口街道','110102','2021-02-20 11:05:12','2021-02-20 11:05:12'),('110102007','月坛街道','110102','2021-02-20 11:05:12','2021-02-20 11:05:12'),('110102009','展览路街道','110102','2021-02-20 11:05:12','2021-02-20 11:05:12'),('110102010','德胜街道','110102','2021-02-20 11:05:12','2021-02-20 11:05:12'),('110102011','金融街街道','110102','2021-02-20 11:05:12','2021-02-20 11:05:12'),('110102012','什刹海街道','110102','2021-02-20 11:05:12','2021-02-20 11:05:12'),('110102013','大栅栏街道','110102','2021-02-20 11:05:12','2021-02-20 11:05:12'),('110102014','天桥街道','110102','2021-02-20 11:05:12','2021-02-20 11:05:12'),('110102015','椿树街道','110102','2021-02-20 11:05:12','2021-02-20 11:05:12'),('110102016','陶然亭街道','110102','2021-02-20 11:05:12','2021-02-20 11:05:12'),('110102017','广安门内街道','110102','2021-02-20 11:05:12','2021-02-20 11:05:12'),('110102018','牛街街道','110102','2021-02-20 11:05:12','2021-02-20 11:05:12'),('110102019','白纸坊街道','110102','2021-02-20 11:05:12','2021-02-20 11:05:12'),('110102020','广安门外街道','110102','2021-02-20 11:05:12','2021-02-20 11:05:12'),('110105001','建外街道','110105','2021-02-20 11:05:13','2021-02-20 11:05:13'),('110105002','朝外街道','110105','2021-02-20 11:05:13','2021-02-20 11:05:13'),('110105003','呼家楼街道','110105','2021-02-20 11:05:13','2021-02-20 11:05:13'),('110105004','三里屯街道','110105','2021-02-20 11:05:13','2021-02-20 11:05:13'),('110105005','左家庄街道','110105','2021-02-20 11:05:13','2021-02-20 11:05:13'),('110105006','香河园街道','110105','2021-02-20 11:05:13','2021-02-20 11:05:13'),('110105007','和平街街道','110105','2021-02-20 11:05:13','2021-02-20 11:05:13'),('110105008','安贞街道','110105','2021-02-20 11:05:13','2021-02-20 11:05:13'),('110105009','亚运村街道','110105','2021-02-20 11:05:13','2021-02-20 11:05:13'),('110105010','小关街道','110105','2021-02-20 11:05:13','2021-02-20 11:05:13'),('110105011','酒仙桥街道','110105','2021-02-20 11:05:13','2021-02-20 11:05:13'),('110105012','麦子店街道','110105','2021-02-20 11:05:13','2021-02-20 11:05:13'),('110105013','团结湖街道','110105','2021-02-20 11:05:13','2021-02-20 11:05:13'),('110105014','六里屯街道','110105','2021-02-20 11:05:13','2021-02-20 11:05:13'),('110105015','八里庄街道','110105','2021-02-20 11:05:13','2021-02-20 11:05:13'),('110105016','双井街道','110105','2021-02-20 11:05:13','2021-02-20 11:05:13'),('110105017','劲松街道','110105','2021-02-20 11:05:13','2021-02-20 11:05:13'),('110105018','潘家园街道','110105','2021-02-20 11:05:13','2021-02-20 11:05:13'),('110105019','垡头街道','110105','2021-02-20 11:05:13','2021-02-20 11:05:13'),('110105021','南磨房地区','110105','2021-02-20 11:05:13','2021-02-20 11:05:13'),('110105022','高碑店地区','110105','2021-02-20 11:05:13','2021-02-20 11:05:13'),('110105023','将台地区','110105','2021-02-20 11:05:13','2021-02-20 11:05:13'),('110105024','太阳宫地区','110105','2021-02-20 11:05:13','2021-02-20 11:05:13'),('110105025','大屯街道','110105','2021-02-20 11:05:13','2021-02-20 11:05:13'),('110105026','望京街道','110105','2021-02-20 11:05:13','2021-02-20 11:05:13'),('110105027','小红门地区','110105','2021-02-20 11:05:13','2021-02-20 11:05:13'),('110105028','十八里店地区','110105','2021-02-20 11:05:13','2021-02-20 11:05:13'),('110105029','平房地区','110105','2021-02-20 11:05:13','2021-02-20 11:05:13'),('110105030','东风地区','110105','2021-02-20 11:05:13','2021-02-20 11:05:13'),('110105031','奥运村街道','110105','2021-02-20 11:05:13','2021-02-20 11:05:13'),('110105032','来广营地区','110105','2021-02-20 11:05:13','2021-02-20 11:05:13'),('110105033','常营地区','110105','2021-02-20 11:05:13','2021-02-20 11:05:13'),('110105034','三间房地区','110105','2021-02-20 11:05:13','2021-02-20 11:05:13'),('110105035','管庄地区','110105','2021-02-20 11:05:13','2021-02-20 11:05:13'),('110105036','金盏地区','110105','2021-02-20 11:05:13','2021-02-20 11:05:13'),('110105037','孙河地区','110105','2021-02-20 11:05:13','2021-02-20 11:05:13'),('110105038','崔各庄地区','110105','2021-02-20 11:05:13','2021-02-20 11:05:13'),('110105039','东坝地区','110105','2021-02-20 11:05:13','2021-02-20 11:05:13'),('110105040','黑庄户地区','110105','2021-02-20 11:05:13','2021-02-20 11:05:13'),('110105041','豆各庄地区','110105','2021-02-20 11:05:13','2021-02-20 11:05:13'),('110105042','王四营地区','110105','2021-02-20 11:05:13','2021-02-20 11:05:13'),('110105043','东湖街道','110105','2021-02-20 11:05:13','2021-02-20 11:05:13'),('110105400','首都机场街道','110105','2021-02-20 11:05:13','2021-02-20 11:05:13'),('110106001','右安门街道','110106','2021-02-20 11:05:14','2021-02-20 11:05:14'),('110106002','太平桥街道','110106','2021-02-20 11:05:14','2021-02-20 11:05:14'),('110106003','西罗园街道','110106','2021-02-20 11:05:14','2021-02-20 11:05:14'),('110106004','大红门街道','110106','2021-02-20 11:05:14','2021-02-20 11:05:14'),('110106005','南苑街道','110106','2021-02-20 11:05:14','2021-02-20 11:05:14'),('110106006','东高地街道','110106','2021-02-20 11:05:14','2021-02-20 11:05:14'),('110106007','东铁匠营街道','110106','2021-02-20 11:05:14','2021-02-20 11:05:14'),('110106008','卢沟桥街道','110106','2021-02-20 11:05:14','2021-02-20 11:05:14'),('110106009','丰台街道','110106','2021-02-20 11:05:14','2021-02-20 11:05:14'),('110106010','新村街道','110106','2021-02-20 11:05:14','2021-02-20 11:05:14'),('110106011','长辛店街道','110106','2021-02-20 11:05:14','2021-02-20 11:05:14'),('110106012','云岗街道','110106','2021-02-20 11:05:14','2021-02-20 11:05:14'),('110106013','方庄地区','110106','2021-02-20 11:05:14','2021-02-20 11:05:14'),('110106014','宛平城地区','110106','2021-02-20 11:05:14','2021-02-20 11:05:14'),('110106015','马家堡街道','110106','2021-02-20 11:05:14','2021-02-20 11:05:14'),('110106016','和义街道','110106','2021-02-20 11:05:14','2021-02-20 11:05:14'),('110106017','卢沟桥地区','110106','2021-02-20 11:05:14','2021-02-20 11:05:14'),('110106018','花乡地区','110106','2021-02-20 11:05:14','2021-02-20 11:05:14'),('110106019','南苑地区','110106','2021-02-20 11:05:14','2021-02-20 11:05:14'),('110106100','长辛店镇','110106','2021-02-20 11:05:14','2021-02-20 11:05:14'),('110106101','王佐镇','110106','2021-02-20 11:05:14','2021-02-20 11:05:14'),('110107001','八宝山街道','110107','2021-02-20 11:05:14','2021-02-20 11:05:14'),('110107002','老山街道','110107','2021-02-20 11:05:14','2021-02-20 11:05:14'),('110107003','八角街道','110107','2021-02-20 11:05:14','2021-02-20 11:05:14'),('110107004','古城街道','110107','2021-02-20 11:05:14','2021-02-20 11:05:14'),('110107005','苹果园街道','110107','2021-02-20 11:05:14','2021-02-20 11:05:14'),('110107006','金顶街街道','110107','2021-02-20 11:05:14','2021-02-20 11:05:14'),('110107009','广宁街道','110107','2021-02-20 11:05:14','2021-02-20 11:05:14'),('110107010','五里坨街道','110107','2021-02-20 11:05:14','2021-02-20 11:05:14'),('110107011','鲁谷街道','110107','2021-02-20 11:05:14','2021-02-20 11:05:14'),('110108001','万寿路街道','110108','2021-02-20 11:05:15','2021-02-20 11:05:15'),('110108002','永定路街道','110108','2021-02-20 11:05:15','2021-02-20 11:05:15'),('110108003','羊坊店街道','110108','2021-02-20 11:05:15','2021-02-20 11:05:15'),('110108004','甘家口街道','110108','2021-02-20 11:05:15','2021-02-20 11:05:15'),('110108005','八里庄街道','110108','2021-02-20 11:05:15','2021-02-20 11:05:15'),('110108006','紫竹院街道','110108','2021-02-20 11:05:15','2021-02-20 11:05:15'),('110108007','北下关街道','110108','2021-02-20 11:05:15','2021-02-20 11:05:15'),('110108008','北太平庄街道','110108','2021-02-20 11:05:15','2021-02-20 11:05:15'),('110108010','学院路街道','110108','2021-02-20 11:05:15','2021-02-20 11:05:15'),('110108011','中关村街道','110108','2021-02-20 11:05:15','2021-02-20 11:05:15'),('110108012','海淀街道','110108','2021-02-20 11:05:15','2021-02-20 11:05:15'),('110108013','青龙桥街道','110108','2021-02-20 11:05:15','2021-02-20 11:05:15'),('110108014','清华园街道','110108','2021-02-20 11:05:15','2021-02-20 11:05:15'),('110108015','燕园街道','110108','2021-02-20 11:05:15','2021-02-20 11:05:15'),('110108016','香山街道','110108','2021-02-20 11:05:15','2021-02-20 11:05:15'),('110108017','清河街道','110108','2021-02-20 11:05:15','2021-02-20 11:05:15'),('110108018','花园路街道','110108','2021-02-20 11:05:15','2021-02-20 11:05:15'),('110108019','西三旗街道','110108','2021-02-20 11:05:15','2021-02-20 11:05:15'),('110108020','马连洼街道','110108','2021-02-20 11:05:15','2021-02-20 11:05:15'),('110108021','田村路街道','110108','2021-02-20 11:05:15','2021-02-20 11:05:15'),('110108022','上地街道','110108','2021-02-20 11:05:15','2021-02-20 11:05:15'),('110108023','万柳地区','110108','2021-02-20 11:05:15','2021-02-20 11:05:15'),('110108024','东升地区','110108','2021-02-20 11:05:15','2021-02-20 11:05:15'),('110108025','曙光街道','110108','2021-02-20 11:05:15','2021-02-20 11:05:15'),('110108026','温泉地区','110108','2021-02-20 11:05:15','2021-02-20 11:05:15'),('110108027','四季青地区','110108','2021-02-20 11:05:15','2021-02-20 11:05:15'),('110108028','西北旺地区','110108','2021-02-20 11:05:15','2021-02-20 11:05:15'),('110108029','苏家坨地区','110108','2021-02-20 11:05:15','2021-02-20 11:05:15'),('110108030','上庄地区','110108','2021-02-20 11:05:15','2021-02-20 11:05:15'),('110109001','大峪街道','110109','2021-02-20 11:05:19','2021-02-20 11:05:19'),('110109002','城子街道','110109','2021-02-20 11:05:19','2021-02-20 11:05:19'),('110109003','东辛房街道','110109','2021-02-20 11:05:19','2021-02-20 11:05:19'),('110109004','大台街道','110109','2021-02-20 11:05:19','2021-02-20 11:05:19'),('110109005','王平地区','110109','2021-02-20 11:05:19','2021-02-20 11:05:19'),('110109006','永定地区','110109','2021-02-20 11:05:19','2021-02-20 11:05:19'),('110109007','龙泉地区','110109','2021-02-20 11:05:19','2021-02-20 11:05:19'),('110109101','潭柘寺镇','110109','2021-02-20 11:05:19','2021-02-20 11:05:19'),('110109104','军庄镇','110109','2021-02-20 11:05:19','2021-02-20 11:05:19'),('110109105','雁翅镇','110109','2021-02-20 11:05:19','2021-02-20 11:05:19'),('110109106','斋堂镇','110109','2021-02-20 11:05:19','2021-02-20 11:05:19'),('110109107','清水镇','110109','2021-02-20 11:05:19','2021-02-20 11:05:19'),('110109108','妙峰山镇','110109','2021-02-20 11:05:19','2021-02-20 11:05:19'),('110111001','城关街道','110111','2021-02-20 11:05:18','2021-02-20 11:05:18'),('110111002','新镇街道','110111','2021-02-20 11:05:18','2021-02-20 11:05:18'),('110111004','向阳街道','110111','2021-02-20 11:05:18','2021-02-20 11:05:18'),('110111005','东风街道','110111','2021-02-20 11:05:18','2021-02-20 11:05:18'),('110111006','迎风街道','110111','2021-02-20 11:05:18','2021-02-20 11:05:18'),('110111007','星城街道','110111','2021-02-20 11:05:18','2021-02-20 11:05:18'),('110111008','良乡地区','110111','2021-02-20 11:05:18','2021-02-20 11:05:18'),('110111009','周口店地区','110111','2021-02-20 11:05:18','2021-02-20 11:05:18'),('110111010','琉璃河地区','110111','2021-02-20 11:05:18','2021-02-20 11:05:18'),('110111011','拱辰街道','110111','2021-02-20 11:05:18','2021-02-20 11:05:18'),('110111012','西潞街道','110111','2021-02-20 11:05:18','2021-02-20 11:05:18'),('110111101','阎村镇','110111','2021-02-20 11:05:18','2021-02-20 11:05:18'),('110111103','窦店镇','110111','2021-02-20 11:05:18','2021-02-20 11:05:18'),('110111104','石楼镇','110111','2021-02-20 11:05:18','2021-02-20 11:05:18'),('110111105','长阳镇','110111','2021-02-20 11:05:18','2021-02-20 11:05:18'),('110111107','河北镇','110111','2021-02-20 11:05:18','2021-02-20 11:05:18'),('110111108','长沟镇','110111','2021-02-20 11:05:18','2021-02-20 11:05:18'),('110111109','大石窝镇','110111','2021-02-20 11:05:18','2021-02-20 11:05:18'),('110111110','张坊镇','110111','2021-02-20 11:05:18','2021-02-20 11:05:18'),('110111111','十渡镇','110111','2021-02-20 11:05:18','2021-02-20 11:05:18'),('110111112','青龙湖镇','110111','2021-02-20 11:05:18','2021-02-20 11:05:18'),('110111115','韩村河镇','110111','2021-02-20 11:05:18','2021-02-20 11:05:18'),('110111208','霞云岭乡','110111','2021-02-20 11:05:18','2021-02-20 11:05:18'),('110111209','南窖乡','110111','2021-02-20 11:05:18','2021-02-20 11:05:18'),('110111210','佛子庄乡','110111','2021-02-20 11:05:18','2021-02-20 11:05:18'),('110111211','大安山乡','110111','2021-02-20 11:05:18','2021-02-20 11:05:18'),('110111212','史家营乡','110111','2021-02-20 11:05:18','2021-02-20 11:05:18'),('110111213','蒲洼乡','110111','2021-02-20 11:05:18','2021-02-20 11:05:18'),('110112001','中仓街道','110112','2021-02-20 11:01:40','2021-02-20 11:01:40'),('110112002','新华街道','110112','2021-02-20 11:01:40','2021-02-20 11:01:40'),('110112003','北苑街道','110112','2021-02-20 11:01:40','2021-02-20 11:01:40'),('110112004','玉桥街道','110112','2021-02-20 11:01:40','2021-02-20 11:01:40'),('110112007','潞源街道','110112','2021-02-20 11:01:40','2021-02-20 11:01:40'),('110112008','通运街道','110112','2021-02-20 11:01:40','2021-02-20 11:01:40'),('110112104','宋庄镇','110112','2021-02-20 11:01:40','2021-02-20 11:01:40'),('110112105','张家湾镇','110112','2021-02-20 11:01:40','2021-02-20 11:01:40'),('110112106','漷县镇','110112','2021-02-20 11:01:40','2021-02-20 11:01:40'),('110112109','马驹桥镇','110112','2021-02-20 11:01:40','2021-02-20 11:01:40'),('110112110','西集镇','110112','2021-02-20 11:01:40','2021-02-20 11:01:40'),('110112114','台湖镇','110112','2021-02-20 11:01:40','2021-02-20 11:01:40'),('110112117','永乐店镇','110112','2021-02-20 11:01:40','2021-02-20 11:01:40'),('110112119','潞城镇','110112','2021-02-20 11:01:40','2021-02-20 11:01:40'),('110112120','永顺镇','110112','2021-02-20 11:01:40','2021-02-20 11:01:40'),('110112121','梨园镇','110112','2021-02-20 11:01:40','2021-02-20 11:01:40'),('110112209','于家务回族乡','110112','2021-02-20 11:01:40','2021-02-20 11:01:40'),('110113001','胜利街道','110113','2021-02-20 11:05:17','2021-02-20 11:05:17'),('110113002','光明街道','110113','2021-02-20 11:05:17','2021-02-20 11:05:17'),('110113003','仁和地区','110113','2021-02-20 11:05:17','2021-02-20 11:05:17'),('110113004','后沙峪地区','110113','2021-02-20 11:05:17','2021-02-20 11:05:17'),('110113005','天竺地区','110113','2021-02-20 11:05:17','2021-02-20 11:05:17'),('110113006','杨镇地区','110113','2021-02-20 11:05:17','2021-02-20 11:05:17'),('110113007','牛栏山地区','110113','2021-02-20 11:05:17','2021-02-20 11:05:17'),('110113008','南法信地区','110113','2021-02-20 11:05:17','2021-02-20 11:05:17'),('110113009','马坡地区','110113','2021-02-20 11:05:17','2021-02-20 11:05:17'),('110113010','石园街道','110113','2021-02-20 11:05:17','2021-02-20 11:05:17'),('110113011','空港街道','110113','2021-02-20 11:05:17','2021-02-20 11:05:17'),('110113012','双丰街道','110113','2021-02-20 11:05:17','2021-02-20 11:05:17'),('110113013','旺泉街道','110113','2021-02-20 11:05:17','2021-02-20 11:05:17'),('110113101','高丽营镇','110113','2021-02-20 11:05:17','2021-02-20 11:05:17'),('110113104','李桥镇','110113','2021-02-20 11:05:17','2021-02-20 11:05:17'),('110113105','李遂镇','110113','2021-02-20 11:05:17','2021-02-20 11:05:17'),('110113106','南彩镇','110113','2021-02-20 11:05:17','2021-02-20 11:05:17'),('110113108','北务镇','110113','2021-02-20 11:05:17','2021-02-20 11:05:17'),('110113109','大孙各庄镇','110113','2021-02-20 11:05:17','2021-02-20 11:05:17'),('110113110','张镇','110113','2021-02-20 11:05:17','2021-02-20 11:05:17'),('110113111','龙湾屯镇','110113','2021-02-20 11:05:17','2021-02-20 11:05:17'),('110113112','木林镇','110113','2021-02-20 11:05:17','2021-02-20 11:05:17'),('110113113','北小营镇','110113','2021-02-20 11:05:17','2021-02-20 11:05:17'),('110113115','北石槽镇','110113','2021-02-20 11:05:17','2021-02-20 11:05:17'),('110113116','赵全营镇','110113','2021-02-20 11:05:17','2021-02-20 11:05:17'),('110114001','城北街道','110114','2021-02-20 11:03:24','2021-02-20 11:03:24'),('110114002','南口地区','110114','2021-02-20 11:03:24','2021-02-20 11:03:24'),('110114003','马池口地区','110114','2021-02-20 11:03:24','2021-02-20 11:03:24'),('110114004','沙河地区','110114','2021-02-20 11:03:24','2021-02-20 11:03:24'),('110114005','城南街道','110114','2021-02-20 11:03:24','2021-02-20 11:03:24'),('110114007','东小口地区','110114','2021-02-20 11:03:24','2021-02-20 11:03:24'),('110114008','天通苑北街道','110114','2021-02-20 11:03:24','2021-02-20 11:03:24'),('110114009','天通苑南街道','110114','2021-02-20 11:03:24','2021-02-20 11:03:24'),('110114010','霍营街道','110114','2021-02-20 11:03:24','2021-02-20 11:03:24'),('110114011','回龙观街道','110114','2021-02-20 11:03:24','2021-02-20 11:03:24'),('110114012','龙泽园街道','110114','2021-02-20 11:03:24','2021-02-20 11:03:24'),('110114013','史各庄街道','110114','2021-02-20 11:03:24','2021-02-20 11:03:24'),('110114104','阳坊镇','110114','2021-02-20 11:03:24','2021-02-20 11:03:24'),('110114110','小汤山镇','110114','2021-02-20 11:03:24','2021-02-20 11:03:24'),('110114111','南邵镇','110114','2021-02-20 11:03:24','2021-02-20 11:03:24'),('110114112','崔村镇','110114','2021-02-20 11:03:24','2021-02-20 11:03:24'),('110114113','百善镇','110114','2021-02-20 11:03:24','2021-02-20 11:03:24'),('110114115','北七家镇','110114','2021-02-20 11:03:24','2021-02-20 11:03:24'),('110114116','兴寿镇','110114','2021-02-20 11:03:24','2021-02-20 11:03:24'),('110114118','流村镇','110114','2021-02-20 11:03:24','2021-02-20 11:03:24'),('110114119','十三陵镇','110114','2021-02-20 11:03:24','2021-02-20 11:03:24'),('110114120','延寿镇','110114','2021-02-20 11:03:24','2021-02-20 11:03:24'),('110116001','泉河街道','110116','2021-02-20 11:05:16','2021-02-20 11:05:16'),('110116002','龙山街道','110116','2021-02-20 11:05:16','2021-02-20 11:05:16'),('110116003','怀柔地区','110116','2021-02-20 11:05:16','2021-02-20 11:05:16'),('110116004','雁栖地区','110116','2021-02-20 11:05:16','2021-02-20 11:05:16'),('110116005','庙城地区','110116','2021-02-20 11:05:16','2021-02-20 11:05:16'),('110116102','北房镇','110116','2021-02-20 11:05:16','2021-02-20 11:05:16'),('110116103','杨宋镇','110116','2021-02-20 11:05:16','2021-02-20 11:05:16'),('110116105','桥梓镇','110116','2021-02-20 11:05:16','2021-02-20 11:05:16'),('110116106','怀北镇','110116','2021-02-20 11:05:16','2021-02-20 11:05:16'),('110116107','汤河口镇','110116','2021-02-20 11:05:16','2021-02-20 11:05:16'),('110116108','渤海镇','110116','2021-02-20 11:05:16','2021-02-20 11:05:16'),('110116109','九渡河镇','110116','2021-02-20 11:05:16','2021-02-20 11:05:16'),('110116110','琉璃庙镇','110116','2021-02-20 11:05:16','2021-02-20 11:05:16'),('110116111','宝山镇','110116','2021-02-20 11:05:16','2021-02-20 11:05:16'),('110116211','长哨营满族乡','110116','2021-02-20 11:05:16','2021-02-20 11:05:16'),('110116213','喇叭沟门满族乡','110116','2021-02-20 11:05:16','2021-02-20 11:05:16'),('110116400','北京雁栖经济开发区','110116','2021-02-20 11:05:16','2021-02-20 11:05:16'),('110117001','滨河街道','110117','2021-02-20 11:05:16','2021-02-20 11:05:16'),('110117002','兴谷街道','110117','2021-02-20 11:05:16','2021-02-20 11:05:16'),('110117003','渔阳地区','110117','2021-02-20 11:05:16','2021-02-20 11:05:16'),('110117004','峪口地区','110117','2021-02-20 11:05:16','2021-02-20 11:05:16'),('110117005','马坊地区','110117','2021-02-20 11:05:16','2021-02-20 11:05:16'),('110117006','金海湖地区','110117','2021-02-20 11:05:16','2021-02-20 11:05:16'),('110117101','东高村镇','110117','2021-02-20 11:05:16','2021-02-20 11:05:16'),('110117102','山东庄镇','110117','2021-02-20 11:05:16','2021-02-20 11:05:16'),('110117104','南独乐河镇','110117','2021-02-20 11:05:16','2021-02-20 11:05:16'),('110117105','大华山镇','110117','2021-02-20 11:05:16','2021-02-20 11:05:16'),('110117106','夏各庄镇','110117','2021-02-20 11:05:16','2021-02-20 11:05:16'),('110117108','马昌营镇','110117','2021-02-20 11:05:16','2021-02-20 11:05:16'),('110117110','王辛庄镇','110117','2021-02-20 11:05:16','2021-02-20 11:05:16'),('110117111','大兴庄镇','110117','2021-02-20 11:05:16','2021-02-20 11:05:16'),('110117112','刘家店镇','110117','2021-02-20 11:05:16','2021-02-20 11:05:16'),('110117114','镇罗营镇','110117','2021-02-20 11:05:16','2021-02-20 11:05:16'),('110117213','黄松峪乡','110117','2021-02-20 11:05:16','2021-02-20 11:05:16'),('110117214','熊儿寨乡','110117','2021-02-20 11:05:16','2021-02-20 11:05:16'),('110118001','鼓楼街道','110118','2021-02-20 11:05:20','2021-02-20 11:05:20'),('110118002','果园街道','110118','2021-02-20 11:05:20','2021-02-20 11:05:20'),('110118003','檀营地区','110118','2021-02-20 11:05:20','2021-02-20 11:05:20'),('110118100','密云镇','110118','2021-02-20 11:05:20','2021-02-20 11:05:20'),('110118101','溪翁庄镇','110118','2021-02-20 11:05:20','2021-02-20 11:05:20'),('110118102','西田各庄镇','110118','2021-02-20 11:05:20','2021-02-20 11:05:20'),('110118103','十里堡镇','110118','2021-02-20 11:05:20','2021-02-20 11:05:20'),('110118104','河南寨镇','110118','2021-02-20 11:05:20','2021-02-20 11:05:20'),('110118105','巨各庄镇','110118','2021-02-20 11:05:20','2021-02-20 11:05:20'),('110118106','穆家峪镇','110118','2021-02-20 11:05:20','2021-02-20 11:05:20'),('110118107','太师屯镇','110118','2021-02-20 11:05:20','2021-02-20 11:05:20'),('110118108','高岭镇','110118','2021-02-20 11:05:20','2021-02-20 11:05:20'),('110118109','不老屯镇','110118','2021-02-20 11:05:20','2021-02-20 11:05:20'),('110118110','冯家峪镇','110118','2021-02-20 11:05:20','2021-02-20 11:05:20'),('110118111','古北口镇','110118','2021-02-20 11:05:20','2021-02-20 11:05:20'),('110118112','大城子镇','110118','2021-02-20 11:05:20','2021-02-20 11:05:20'),('110118113','东邵渠镇','110118','2021-02-20 11:05:20','2021-02-20 11:05:20'),('110118114','北庄镇','110118','2021-02-20 11:05:20','2021-02-20 11:05:20'),('110118115','新城子镇','110118','2021-02-20 11:05:20','2021-02-20 11:05:20'),('110118116','石城镇','110118','2021-02-20 11:05:20','2021-02-20 11:05:20'),('110118400','北京密云经济开发区','110118','2021-02-20 11:05:20','2021-02-20 11:05:20'),('110119001','百泉街道','110119','2021-02-20 11:05:21','2021-02-20 11:05:21'),('110119002','香水园街道','110119','2021-02-20 11:05:21','2021-02-20 11:05:21'),('110119003','儒林街道','110119','2021-02-20 11:05:21','2021-02-20 11:05:21'),('110119100','延庆镇','110119','2021-02-20 11:05:21','2021-02-20 11:05:21'),('110119101','康庄镇','110119','2021-02-20 11:05:21','2021-02-20 11:05:21'),('110119102','八达岭镇','110119','2021-02-20 11:05:21','2021-02-20 11:05:21'),('110119103','永宁镇','110119','2021-02-20 11:05:21','2021-02-20 11:05:21'),('110119104','旧县镇','110119','2021-02-20 11:05:21','2021-02-20 11:05:21'),('110119105','张山营镇','110119','2021-02-20 11:05:21','2021-02-20 11:05:21'),('110119106','四海镇','110119','2021-02-20 11:05:21','2021-02-20 11:05:21'),('110119107','千家店镇','110119','2021-02-20 11:05:21','2021-02-20 11:05:21'),('110119108','沈家营镇','110119','2021-02-20 11:05:21','2021-02-20 11:05:21'),('110119109','大榆树镇','110119','2021-02-20 11:05:21','2021-02-20 11:05:21'),('110119110','井庄镇','110119','2021-02-20 11:05:21','2021-02-20 11:05:21'),('110119200','大庄科乡','110119','2021-02-20 11:05:21','2021-02-20 11:05:21'),('110119201','刘斌堡乡','110119','2021-02-20 11:05:21','2021-02-20 11:05:21'),('110119202','香营乡','110119','2021-02-20 11:05:21','2021-02-20 11:05:21'),('110119203','珍珠泉乡','110119','2021-02-20 11:05:21','2021-02-20 11:05:21');
/*!40000 ALTER TABLE `town` ENABLE KEYS */;
UNLOCK TABLES;

--
-- Table structure for table `village`
--

DROP TABLE IF EXISTS `village`;
/*!40101 SET @saved_cs_client     = @@character_set_client */;
/*!50503 SET character_set_client = utf8mb4 */;
CREATE TABLE `village` (
  `id` varchar(18) NOT NULL COMMENT '村id',
  `village_name` varchar(18) NOT NULL COMMENT '村名称',
  `town_id` varchar(18) NOT NULL COMMENT '镇id',
  `create_at` datetime DEFAULT CURRENT_TIMESTAMP COMMENT '创建时间',
  `update_at` datetime DEFAULT CURRENT_TIMESTAMP COMMENT '更新时间',
  PRIMARY KEY (`id`)
) ENGINE=InnoDB DEFAULT CHARSET=utf8 COMMENT='村';
/*!40101 SET character_set_client = @saved_cs_client */;

--
-- Dumping data for table `village`
--

LOCK TABLES `village` WRITE;
/*!40000 ALTER TABLE `village` DISABLE KEYS */;
/*!40000 ALTER TABLE `village` ENABLE KEYS */;
UNLOCK TABLES;

--
-- Table structure for table `village_table`
--

DROP TABLE IF EXISTS `village_table`;
/*!40101 SET @saved_cs_client     = @@character_set_client */;
/*!50503 SET character_set_client = utf8mb4 */;
CREATE TABLE `village_table` (
  `id` varchar(18) NOT NULL COMMENT '村委会id',
  `code` varchar(18) NOT NULL COMMENT '城乡分类代码',
  `village_table_name` varchar(18) NOT NULL COMMENT '村委会名称',
  `village_id` varchar(18) NOT NULL COMMENT '镇id',
  `create_at` datetime DEFAULT CURRENT_TIMESTAMP COMMENT '创建时间',
  `update_at` datetime DEFAULT CURRENT_TIMESTAMP COMMENT '更新时间',
  PRIMARY KEY (`id`)
) ENGINE=InnoDB DEFAULT CHARSET=utf8 COMMENT='村委会';
/*!40101 SET character_set_client = @saved_cs_client */;

--
-- Dumping data for table `village_table`
--

LOCK TABLES `village_table` WRITE;
/*!40000 ALTER TABLE `village_table` DISABLE KEYS */;
INSERT INTO `village_table` VALUES ('110101001001','111','多福巷社区居委会','110101001','2021-02-20 10:58:41','2021-02-20 10:58:41'),('110101001005','111','东厂社区居委会','110101001','2021-02-20 10:58:41','2021-02-20 10:58:41'),('110101001007','111','南池子社区居委会','110101001','2021-02-20 10:58:41','2021-02-20 10:58:41'),('110101001009','111','灯市口社区居委会','110101001','2021-02-20 10:58:41','2021-02-20 10:58:41'),('110101001011','111','甘雨社区居委会','110101001','2021-02-20 10:58:41','2021-02-20 10:58:41'),('110101001014','111','韶九社区居委会','110101001','2021-02-20 10:58:41','2021-02-20 10:58:41'),('110101010001','111','交通社区居委会','110101010','2021-02-20 14:17:52','2021-02-20 14:17:52'),('110101010003','111','民旺社区居委会','110101010','2021-02-20 14:17:52','2021-02-20 14:17:52'),('110101010009','111','二区社区居委会','110101010','2021-02-20 14:17:52','2021-02-20 14:17:52'),('110101010013','111','化工社区居委会','110101010','2021-02-20 14:17:52','2021-02-20 14:17:52'),('110101010015','111','兴化社区居委会','110101010','2021-02-20 14:17:52','2021-02-20 14:17:52'),('110101010017','111','小黄庄社区居委会','110101010','2021-02-20 14:17:52','2021-02-20 14:17:52'),('110101010019','111','安贞苑社区居委会','110101010','2021-02-20 14:17:52','2021-02-20 14:17:52'),('110101010021','111','黄寺社区居委会','110101010','2021-02-20 14:17:52','2021-02-20 14:17:52'),('110101010023','111','东河沿社区居委会','110101010','2021-02-20 14:17:52','2021-02-20 14:17:52'),('110101010026','111','青年湖社区居委会','110101010','2021-02-20 14:17:52','2021-02-20 14:17:52'),('110101012001','111','兴隆都市馨园社区居委会','110101012','2021-02-20 13:58:56','2021-02-20 13:58:56'),('110101012003','111','崇文门东大街社区居委会','110101012','2021-02-20 13:58:56','2021-02-20 13:58:56'),('110101012005','111','西花市南里东区社区居委会','110101012','2021-02-20 13:58:56','2021-02-20 13:58:56'),('110101012007','111','大桥社区居委会','110101012','2021-02-20 13:58:56','2021-02-20 13:58:56'),('110101012009','111','西花市南里南区社区居委会','110101012','2021-02-20 13:58:56','2021-02-20 13:58:56'),('110101012011','111','国瑞城中区社区居委会','110101012','2021-02-20 13:58:56','2021-02-20 13:58:56'),('110105002024','111','体东社区居委会','110105002','2021-02-20 14:18:27','2021-02-20 14:18:27'),('110105002026','111','吉祥里社区居委会','110105002','2021-02-20 14:18:27','2021-02-20 14:18:27'),('110105002028','111','雅宝里社区居委会','110105002','2021-02-20 14:18:27','2021-02-20 14:18:27'),('110105002030','111','芳草地社区居委会','110105002','2021-02-20 14:18:27','2021-02-20 14:18:27'),('110105032001','111','新街坊社区居委会','110105032','2021-02-20 14:18:29','2021-02-20 14:18:29'),('110105032013','111','北苑一号院社区居委会','110105032','2021-02-20 14:18:29','2021-02-20 14:18:29'),('110105032015','111','北苑三号院社区居委会','110105032','2021-02-20 14:18:29','2021-02-20 14:18:29'),('110105032017','111','北苑家园绣菊园社区居委会','110105032','2021-02-20 14:18:29','2021-02-20 14:18:29'),('110105032019','111','朝来绿色家园社区居委会','110105032','2021-02-20 14:18:29','2021-02-20 14:18:29'),('110105032021','111','青年城社区居委会','110105032','2021-02-20 14:18:29','2021-02-20 14:18:29'),('110105032023','111','茉藜园社区居委会','110105032','2021-02-20 14:18:29','2021-02-20 14:18:29'),('110105032025','111','立清路第一社区居委会','110105032','2021-02-20 14:18:29','2021-02-20 14:18:29'),('110105032027','111','清苑路第一社区居委会','110105032','2021-02-20 14:18:29','2021-02-20 14:18:29'),('110105032029','111','北卫家园社区居民委员会','110105032','2021-02-20 14:18:29','2021-02-20 14:18:29'),('110105032031','111','清苑路第二社区居民委员会','110105032','2021-02-20 14:18:29','2021-02-20 14:18:29'),('110105032033','111','北苑社区居民委员会','110105032','2021-02-20 14:18:29','2021-02-20 14:18:29'),('110105032201','111','红军营村委会','110105032','2021-02-20 14:18:29','2021-02-20 14:18:29'),('110105032203','111','来广营村委会','110105032','2021-02-20 14:18:29','2021-02-20 14:18:29'),('110105032205','111','清河营村委会','110105032','2021-02-20 14:18:29','2021-02-20 14:18:29'),('110105041003','111','青青家园社区居委会','110105041','2021-02-20 14:18:31','2021-02-20 14:18:31'),('110105041005','111','阳光家园社区居委会','110105041','2021-02-20 14:18:31','2021-02-20 14:18:31'),('110105041007','111','文化传播社区居委会','110105041','2021-02-20 14:18:31','2021-02-20 14:18:31'),('110105041010','111','富力又一城第一社区居委会','110105041','2021-02-20 14:18:31','2021-02-20 14:18:31'),('110105041012','111','明德园社区居民委员会','110105041','2021-02-20 14:18:31','2021-02-20 14:18:31'),('110105041014','111','御景湾社区居民委员会','110105041','2021-02-20 14:18:31','2021-02-20 14:18:31'),('110105041201','123','马家湾村委会','110105041','2021-02-20 14:18:31','2021-02-20 14:18:31'),('110105041203','123','孙家坡村委会','110105041','2021-02-20 14:18:31','2021-02-20 14:18:31'),('110105041205','111','东马各庄村委会','110105041','2021-02-20 14:18:31','2021-02-20 14:18:31'),('110105041207','112','于家围南队村委会','110105041','2021-02-20 14:18:31','2021-02-20 14:18:31'),('110105041209','123','南何家村村委会','110105041','2021-02-20 14:18:31','2021-02-20 14:18:31'),('110105041211','111','黄厂村村委会','110105041','2021-02-20 14:18:31','2021-02-20 14:18:31'),('110112001006','111','悟仙观社区居委会','110112001','2021-02-20 11:01:46','2021-02-20 11:01:46'),('110112001012','111','东里社区居委会','110112001','2021-02-20 11:01:46','2021-02-20 11:01:46'),('110112001017','111','中仓社区居委会','110112001','2021-02-20 11:01:46','2021-02-20 11:01:46'),('110112001023','111','四员厅社区居委会','110112001','2021-02-20 11:01:46','2021-02-20 11:01:46'),('110112001025','111','新华园社区居委会','110112001','2021-02-20 11:01:46','2021-02-20 11:01:46'),('110112001027','111','中上园社区居委会','110112001','2021-02-20 11:01:46','2021-02-20 11:01:46'),('110112001401','123','东关社区居委会','110112001','2021-02-20 11:01:46','2021-02-20 11:01:46'),('110112002001','111','天桥湾社区居委会','110112002','2021-02-20 11:03:14','2021-02-20 11:03:14'),('110112002018','111','盛业家园社区居委会','110112002','2021-02-20 11:03:14','2021-02-20 11:03:14'),('110112002401','123','东大街社区居委会','110112002','2021-02-20 11:03:14','2021-02-20 11:03:14'),('110112002403','123','司空社区居委会','110112002','2021-02-20 11:03:14','2021-02-20 11:03:14'),('110112002405','111','北关社区居委会','110112002','2021-02-20 11:03:14','2021-02-20 11:03:14'),('110112003001','111','新华西街社区居委会','110112003','2021-02-20 11:03:15','2021-02-20 11:03:15'),('110112003003','111','复兴南里社区居委会','110112003','2021-02-20 11:03:15','2021-02-20 11:03:15'),('110112003005','111','后南仓社区居委会','110112003','2021-02-20 11:03:15','2021-02-20 11:03:15'),('110112003007','111','新城南街社区居委会','110112003','2021-02-20 11:03:15','2021-02-20 11:03:15'),('110112003011','111','玉带路社区居委会','110112003','2021-02-20 11:03:15','2021-02-20 11:03:15'),('110112003013','111','五里店社区居委会','110112003','2021-02-20 11:03:15','2021-02-20 11:03:15'),('110112003015','111','新北苑社区居委会','110112003','2021-02-20 11:03:15','2021-02-20 11:03:15'),('110112003017','111','新华联家园北区社区居委会','110112003','2021-02-20 11:03:15','2021-02-20 11:03:15'),('110112003019','111','京贸国际社区居委会','110112003','2021-02-20 11:03:15','2021-02-20 11:03:15'),('110112003021','111','广通社区居委会','110112003','2021-02-20 11:03:15','2021-02-20 11:03:15'),('110112004002','111','葛布店北里社区居委会','110112004','2021-02-20 11:03:16','2021-02-20 11:03:16'),('110112004004','111','玉桥北里社区居委会','110112004','2021-02-20 11:03:16','2021-02-20 11:03:16'),('110112004009','111','运河东大街社区居委会','110112004','2021-02-20 11:03:16','2021-02-20 11:03:16'),('110112004012','111','梨花园社区居委会','110112004','2021-02-20 11:03:16','2021-02-20 11:03:16'),('110112004014','111','艺苑西里社区居委会','110112004','2021-02-20 11:03:16','2021-02-20 11:03:16'),('110112004016','111','柳岸方园社区居委会','110112004','2021-02-20 11:03:16','2021-02-20 11:03:16'),('110112004018','111','玉桥南里南社区居委会','110112004','2021-02-20 11:03:16','2021-02-20 11:03:16'),('110112004020','111','新通国际社区居委会','110112004','2021-02-20 11:03:16','2021-02-20 11:03:16'),('110112004022','111','潞阳桥社区居委会','110112004','2021-02-20 11:03:16','2021-02-20 11:03:16'),('110112007498','111','潞源街道虚拟社区','110112007','2021-02-20 11:03:21','2021-02-20 11:03:21'),('110112008001','111','星河社区居委会','110112008','2021-02-20 11:03:22','2021-02-20 11:03:22'),('110112008003','111','运河湾社区居委会','110112008','2021-02-20 11:03:22','2021-02-20 11:03:22'),('110112008005','111','紫荆雅园社区居委会','110112008','2021-02-20 11:03:22','2021-02-20 11:03:22'),('110112008007','111','荔景园社区居委会','110112008','2021-02-20 11:03:22','2021-02-20 11:03:22'),('110112008009','111','牡丹园社区居民委员会','110112008','2021-02-20 11:03:22','2021-02-20 11:03:22'),('110112104201','121','宋庄村委会','110112104','2021-02-20 11:03:13','2021-02-20 11:03:13'),('110112104203','220','翟里村委会','110112104','2021-02-20 11:03:13','2021-02-20 11:03:13'),('110112104205','220','小杨各庄村委会','110112104','2021-02-20 11:03:13','2021-02-20 11:03:13'),('110112104207','220','任庄村委会','110112104','2021-02-20 11:03:13','2021-02-20 11:03:13'),('110112104209','122','喇嘛庄村委会','110112104','2021-02-20 11:03:13','2021-02-20 11:03:13'),('110112104211','121','小堡村委会','110112104','2021-02-20 11:03:13','2021-02-20 11:03:13'),('110112104213','220','六合村委会','110112104','2021-02-20 11:03:13','2021-02-20 11:03:13'),('110112104215','121','前夏公庄村委会','110112104','2021-02-20 11:03:13','2021-02-20 11:03:13'),('110112104217','122','丁各庄村委会','110112104','2021-02-20 11:03:13','2021-02-20 11:03:13'),('110112104219','220','菜园村委会','110112104','2021-02-20 11:03:13','2021-02-20 11:03:13'),('110112104221','220','大邓各庄村委会','110112104','2021-02-20 11:03:13','2021-02-20 11:03:13'),('110112104223','220','北刘各庄村委会','110112104','2021-02-20 11:03:13','2021-02-20 11:03:13'),('110112104225','220','关辛庄村委会','110112104','2021-02-20 11:03:13','2021-02-20 11:03:13'),('110112104227','220','港北村委会','110112104','2021-02-20 11:03:13','2021-02-20 11:03:13'),('110112104229','220','郝各庄村委会','110112104','2021-02-20 11:03:13','2021-02-20 11:03:13'),('110112104231','220','管头村委会','110112104','2021-02-20 11:03:13','2021-02-20 11:03:13'),('110112104233','220','葛渠村委会','110112104','2021-02-20 11:03:13','2021-02-20 11:03:13'),('110112104235','220','寨里村委会','110112104','2021-02-20 11:03:13','2021-02-20 11:03:13'),('110112104237','220','王辛庄村委会','110112104','2021-02-20 11:03:13','2021-02-20 11:03:13'),('110112104239','220','内军庄村委会','110112104','2021-02-20 11:03:13','2021-02-20 11:03:13'),('110112104241','220','小营村委会','110112104','2021-02-20 11:03:13','2021-02-20 11:03:13'),('110112104243','220','尹各庄村委会','110112104','2021-02-20 11:03:13','2021-02-20 11:03:13'),('110112104245','220','大庞村村委会','110112104','2021-02-20 11:03:13','2021-02-20 11:03:13'),('110112104247','220','沟渠庄村委会','110112104','2021-02-20 11:03:13','2021-02-20 11:03:13'),('110112105201','111','北许场村委会','110112105','2021-02-20 11:03:14','2021-02-20 11:03:14'),('110112105203','123','上马头村委会','110112105','2021-02-20 11:03:14','2021-02-20 11:03:14'),('110112105205','112','土桥村委会','110112105','2021-02-20 11:03:14','2021-02-20 11:03:14'),('110112105207','112','南许场村委会','110112105','2021-02-20 11:03:14','2021-02-20 11:03:14'),('110112105209','112','张湾村委会','110112105','2021-02-20 11:03:14','2021-02-20 11:03:14'),('110112105211','220','上店村委会','110112105','2021-02-20 11:03:14','2021-02-20 11:03:14'),('110112105213','220','东定福庄村委会','110112105','2021-02-20 11:03:14','2021-02-20 11:03:14'),('110112105215','112','立禅庵村委会','110112105','2021-02-20 11:03:14','2021-02-20 11:03:14'),('110112105217','111','唐小庄村委会','110112105','2021-02-20 11:03:14','2021-02-20 11:03:14'),('110112105219','220','里二泗村委会','110112105','2021-02-20 11:03:14','2021-02-20 11:03:14'),('110112105221','220','瓜厂村委会','110112105','2021-02-20 11:03:14','2021-02-20 11:03:14'),('110112105223','220','何各庄村委会','110112105','2021-02-20 11:03:14','2021-02-20 11:03:14'),('110112105225','220','齐善庄村委会','110112105','2021-02-20 11:03:14','2021-02-20 11:03:14'),('110112105227','220','大辛庄村委会','110112105','2021-02-20 11:03:14','2021-02-20 11:03:14'),('110112105229','220','姚辛庄村委会','110112105','2021-02-20 11:03:14','2021-02-20 11:03:14'),('110112105231','220','前街村委会','110112105','2021-02-20 11:03:14','2021-02-20 11:03:14'),('110112105233','220','苍头村委会','110112105','2021-02-20 11:03:14','2021-02-20 11:03:14'),('110112105235','220','南火垡村委会','110112105','2021-02-20 11:03:14','2021-02-20 11:03:14'),('110112105237','220','样田村委会','110112105','2021-02-20 11:03:14','2021-02-20 11:03:14'),('110112105239','220','陆辛庄村委会','110112105','2021-02-20 11:03:14','2021-02-20 11:03:14'),('110112105241','220','大北关村委会','110112105','2021-02-20 11:03:14','2021-02-20 11:03:14'),('110112105243','220','南大化村委会','110112105','2021-02-20 11:03:14','2021-02-20 11:03:14'),('110112105245','220','高营村委会','110112105','2021-02-20 11:03:14','2021-02-20 11:03:14'),('110112105247','220','西永和屯村委会','110112105','2021-02-20 11:03:14','2021-02-20 11:03:14'),('110112105249','220','王各庄村委会','110112105','2021-02-20 11:03:14','2021-02-20 11:03:14'),('110112105251','220','后坨村委会','110112105','2021-02-20 11:03:14','2021-02-20 11:03:14'),('110112105253','220','前青山村委会','110112105','2021-02-20 11:03:14','2021-02-20 11:03:14'),('110112105255','220','前南关村委会','110112105','2021-02-20 11:03:14','2021-02-20 11:03:14'),('110112105257','220','小耕垡村委会','110112105','2021-02-20 11:03:14','2021-02-20 11:03:14'),('110112106001','121','绿茵小区社区居委会','110112106','2021-02-20 11:03:16','2021-02-20 11:03:16'),('110112106003','123','金三角社区居委会','110112106','2021-02-20 11:03:16','2021-02-20 11:03:16'),('110112106202','220','中辛庄村委会','110112106','2021-02-20 11:03:16','2021-02-20 11:03:16'),('110112106204','220','王楼村委会','110112106','2021-02-20 11:03:16','2021-02-20 11:03:16'),('110112106206','220','靛庄村村委会','110112106','2021-02-20 11:03:16','2021-02-20 11:03:16'),('110112106208','220','南阳村村委会','110112106','2021-02-20 11:03:16','2021-02-20 11:03:16'),('110112106210','220','马务村村委会','110112106','2021-02-20 11:03:16','2021-02-20 11:03:16'),('110112106212','122','榆林庄村委会','110112106','2021-02-20 11:03:16','2021-02-20 11:03:16'),('110112106214','122','杨堤村村委会','110112106','2021-02-20 11:03:16','2021-02-20 11:03:16'),('110112106216','220','后地村村委会','110112106','2021-02-20 11:03:16','2021-02-20 11:03:16'),('110112106218','220','小香仪村村委会','110112106','2021-02-20 11:03:16','2021-02-20 11:03:16'),('110112106220','220','高庄村村委会','110112106','2021-02-20 11:03:16','2021-02-20 11:03:16'),('110112106222','220','西黄垡村村委会','110112106','2021-02-20 11:03:16','2021-02-20 11:03:16'),('110112106224','220','马头村村委会','110112106','2021-02-20 11:03:16','2021-02-20 11:03:16'),('110112106226','220','毛庄村村委会','110112106','2021-02-20 11:03:16','2021-02-20 11:03:16'),('110112106228','220','南丁庄村委会','110112106','2021-02-20 11:03:16','2021-02-20 11:03:16'),('110112106230','220','西鲁村村委会','110112106','2021-02-20 11:03:16','2021-02-20 11:03:16'),('110112106232','220','黄厂铺村委会','110112106','2021-02-20 11:03:16','2021-02-20 11:03:16'),('110112106234','220','觅子店村委会','110112106','2021-02-20 11:03:16','2021-02-20 11:03:16'),('110112106236','220','马庄村委会','110112106','2021-02-20 11:03:16','2021-02-20 11:03:16'),('110112106238','220','侯黄庄村村民委员会','110112106','2021-02-20 11:03:16','2021-02-20 11:03:16'),('110112106240','220','东寺庄村委会','110112106','2021-02-20 11:03:16','2021-02-20 11:03:16'),('110112106242','220','纪各庄村委会','110112106','2021-02-20 11:03:16','2021-02-20 11:03:16'),('110112106244','220','军屯村委会','110112106','2021-02-20 11:03:16','2021-02-20 11:03:16'),('110112106246','220','徐官屯村委会','110112106','2021-02-20 11:03:16','2021-02-20 11:03:16'),('110112106248','220','西定安村委会','110112106','2021-02-20 11:03:16','2021-02-20 11:03:16'),('110112106250','220','前尖平村委会','110112106','2021-02-20 11:03:16','2021-02-20 11:03:16'),('110112106252','220','尚武集村委会','110112106','2021-02-20 11:03:16','2021-02-20 11:03:16'),('110112106254','220','南屯村委会','110112106','2021-02-20 11:03:16','2021-02-20 11:03:16'),('110112106256','220','军庄村委会','110112106','2021-02-20 11:03:16','2021-02-20 11:03:16'),('110112106258','220','梁家务村委会','110112106','2021-02-20 11:03:16','2021-02-20 11:03:16'),('110112106260','220','后元化村委会','110112106','2021-02-20 11:03:16','2021-02-20 11:03:16'),('110112109001','121','新海南里社区居委会','110112109','2021-02-20 11:03:16','2021-02-20 11:03:16'),('110112109003','121','新海祥和社区居委会','110112109','2021-02-20 11:03:16','2021-02-20 11:03:16'),('110112109005','121','宏仁社区居委会','110112109','2021-02-20 11:03:16','2021-02-20 11:03:16'),('110112109007','121','香雪兰溪社区居委会','110112109','2021-02-20 11:03:16','2021-02-20 11:03:16'),('110112109201','121','一街村委会','110112109','2021-02-20 11:03:16','2021-02-20 11:03:16'),('110112109203','121','三街村委会','110112109','2021-02-20 11:03:16','2021-02-20 11:03:16'),('110112109210','122','大葛庄村委会','110112109','2021-02-20 11:03:16','2021-02-20 11:03:16'),('110112109212','121','西店村委会','110112109','2021-02-20 11:03:16','2021-02-20 11:03:16'),('110112109214','121','辛屯村委会','110112109','2021-02-20 11:03:16','2021-02-20 11:03:16'),('110112109216','123','马村村委会','110112109','2021-02-20 11:03:16','2021-02-20 11:03:16'),('110112109218','121','姚村村委会','110112109','2021-02-20 11:03:16','2021-02-20 11:03:16'),('110112109220','121','古庄村委会','110112109','2021-02-20 11:03:16','2021-02-20 11:03:16'),('110112109222','122','周营村委会','110112109','2021-02-20 11:03:16','2021-02-20 11:03:16'),('110112109224','122','房辛店村委会','110112109','2021-02-20 11:03:16','2021-02-20 11:03:16'),('110112109226','123','郭村村委会','110112109','2021-02-20 11:03:16','2021-02-20 11:03:16'),('110112109228','122','大周易村委会','110112109','2021-02-20 11:03:16','2021-02-20 11:03:16'),('110112109230','220','史村村委会','110112109','2021-02-20 11:03:16','2021-02-20 11:03:16'),('110112109232','220','后银子村委会','110112109','2021-02-20 11:03:16','2021-02-20 11:03:16'),('110112109234','121','南堤村委会','110112109','2021-02-20 11:03:16','2021-02-20 11:03:16'),('110112109236','220','团瓢庄村委会','110112109','2021-02-20 11:03:16','2021-02-20 11:03:16'),('110112109238','220','前堰上村委会','110112109','2021-02-20 11:03:16','2021-02-20 11:03:16'),('110112109240','220','陈各庄村委会','110112109','2021-02-20 11:03:16','2021-02-20 11:03:16'),('110112109242','220','西田阳村委会','110112109','2021-02-20 11:03:16','2021-02-20 11:03:16'),('110112109244','220','小杜社村委会','110112109','2021-02-20 11:03:16','2021-02-20 11:03:16'),('110112109246','220','西马各庄村委会','110112109','2021-02-20 11:03:16','2021-02-20 11:03:16'),('110112109248','220','大松垡村委会','110112109','2021-02-20 11:03:16','2021-02-20 11:03:16'),('110112109250','220','柏福村委会','110112109','2021-02-20 11:03:16','2021-02-20 11:03:16'),('110112110201','121','西集村委会','110112110','2021-02-20 11:03:21','2021-02-20 11:03:21'),('110112110203','220','协各庄村委会','110112110','2021-02-20 11:03:21','2021-02-20 11:03:21'),('110112110205','122','胡庄村委会','110112110','2021-02-20 11:03:21','2021-02-20 11:03:21'),('110112110207','220','武辛庄村委会','110112110','2021-02-20 11:03:21','2021-02-20 11:03:21'),('110112110209','220','前东仪村委会','110112110','2021-02-20 11:03:21','2021-02-20 11:03:21'),('110112110211','220','侯东仪村村委会','110112110','2021-02-20 11:03:21','2021-02-20 11:03:21'),('110112110213','220','尹家河村村委会','110112110','2021-02-20 11:03:21','2021-02-20 11:03:21'),('110112110215','220','王上村村委会','110112110','2021-02-20 11:03:21','2021-02-20 11:03:21'),('110112110217','220','石上村村委会','110112110','2021-02-20 11:03:21','2021-02-20 11:03:21'),('110112110219','220','东辛庄村村委会','110112110','2021-02-20 11:03:21','2021-02-20 11:03:21'),('110112110221','220','小灰店村村委会','110112110','2021-02-20 11:03:21','2021-02-20 11:03:21'),('110112110223','220','大沙务村村委会','110112110','2021-02-20 11:03:21','2021-02-20 11:03:21'),('110112110225','220','南小庄村村委会','110112110','2021-02-20 11:03:21','2021-02-20 11:03:21'),('110112110227','220','肖家林村村委会','110112110','2021-02-20 11:03:21','2021-02-20 11:03:21'),('110112110229','220','桥上村村委会','110112110','2021-02-20 11:03:21','2021-02-20 11:03:21'),('110112110231','220','牛牧屯村村委会','110112110','2021-02-20 11:03:21','2021-02-20 11:03:21'),('110112110233','220','和合站村村委会','110112110','2021-02-20 11:03:21','2021-02-20 11:03:21'),('110112110235','220','杨家洼村委会','110112110','2021-02-20 11:03:21','2021-02-20 11:03:21'),('110112110237','220','郎东村委会','110112110','2021-02-20 11:03:21','2021-02-20 11:03:21'),('110112110239','220','马坊村委会','110112110','2021-02-20 11:03:21','2021-02-20 11:03:21'),('110112110241','220','任辛庄村村委会','110112110','2021-02-20 11:03:21','2021-02-20 11:03:21'),('110112110243','220','望君疃村委会','110112110','2021-02-20 11:03:21','2021-02-20 11:03:21'),('110112110245','220','太平庄村委会','110112110','2021-02-20 11:03:21','2021-02-20 11:03:21'),('110112110247','220','儒林村委会','110112110','2021-02-20 11:03:21','2021-02-20 11:03:21'),('110112110249','220','张各庄村委会','110112110','2021-02-20 11:03:21','2021-02-20 11:03:21'),('110112110251','220','老庄户村委会','110112110','2021-02-20 11:03:21','2021-02-20 11:03:21'),('110112110253','220','冯各庄村村委会','110112110','2021-02-20 11:03:21','2021-02-20 11:03:21'),('110112110255','220','王庄村村委会','110112110','2021-02-20 11:03:21','2021-02-20 11:03:21'),('110112110257','220','陈桁村委会','110112110','2021-02-20 11:03:21','2021-02-20 11:03:21'),('110112114001','123','定海园一里社区居委会','110112114','2021-02-20 11:03:20','2021-02-20 11:03:20'),('110112114201','121','台湖村委会','110112114','2021-02-20 11:03:20','2021-02-20 11:03:20'),('110112114203','220','朱家垡村委会','110112114','2021-02-20 11:03:20','2021-02-20 11:03:20'),('110112114205','220','前营村委会','110112114','2021-02-20 11:03:20','2021-02-20 11:03:20'),('110112114207','220','江场村委会','110112114','2021-02-20 11:03:20','2021-02-20 11:03:20'),('110112114209','220','周坡庄村委会','110112114','2021-02-20 11:03:20','2021-02-20 11:03:20'),('110112114211','122','玉甫上营村委会','110112114','2021-02-20 11:03:20','2021-02-20 11:03:20'),('110112114213','220','东下营村委会','110112114','2021-02-20 11:03:20','2021-02-20 11:03:20'),('110112114215','220','北火垡村委会','110112114','2021-02-20 11:03:20','2021-02-20 11:03:20'),('110112114217','220','北姚园村委会','110112114','2021-02-20 11:03:20','2021-02-20 11:03:20'),('110112114219','220','尖垡村委会','110112114','2021-02-20 11:03:20','2021-02-20 11:03:20'),('110112114221','220','窑上村委会','110112114','2021-02-20 11:03:20','2021-02-20 11:03:20'),('110112114223','220','次二村委会','110112114','2021-02-20 11:03:20','2021-02-20 11:03:20'),('110112114225','220','永隆屯村委会','110112114','2021-02-20 11:03:20','2021-02-20 11:03:20'),('110112114227','220','大地村委会','110112114','2021-02-20 11:03:20','2021-02-20 11:03:20'),('110112114229','220','新河村委会','110112114','2021-02-20 11:03:20','2021-02-20 11:03:20'),('110112114231','123','桑元村委会','110112114','2021-02-20 11:03:20','2021-02-20 11:03:20'),('110112114233','220','董村村委会','110112114','2021-02-20 11:03:20','2021-02-20 11:03:20'),('110112114235','220','丁庄村委会','110112114','2021-02-20 11:03:20','2021-02-20 11:03:20'),('110112114237','220','马庄村委会','110112114','2021-02-20 11:03:20','2021-02-20 11:03:20'),('110112114241','123','麦庄村委会','110112114','2021-02-20 11:03:20','2021-02-20 11:03:20'),('110112114246','123','北小营村委会','110112114','2021-02-20 11:03:20','2021-02-20 11:03:20'),('110112117201','220','永乐店一村村委会','110112117','2021-02-20 11:03:20','2021-02-20 11:03:20'),('110112117203','220','永乐店三村村委会','110112117','2021-02-20 11:03:20','2021-02-20 11:03:20'),('110112117205','220','陈辛庄村村委会','110112117','2021-02-20 11:03:20','2021-02-20 11:03:20'),('110112117207','220','后甫村委会','110112117','2021-02-20 11:03:20','2021-02-20 11:03:20'),('110112117209','220','老槐庄村委会','110112117','2021-02-20 11:03:20','2021-02-20 11:03:20'),('110112117211','220','大羊村委会','110112117','2021-02-20 11:03:20','2021-02-20 11:03:20'),('110112117213','220','南堤寺东村村委会','110112117','2021-02-20 11:03:20','2021-02-20 11:03:20'),('110112117215','220','小务村村委会','110112117','2021-02-20 11:03:20','2021-02-20 11:03:20'),('110112117217','220','坚村村委会','110112117','2021-02-20 11:03:20','2021-02-20 11:03:20'),('110112117219','220','后营村委会','110112117','2021-02-20 11:03:20','2021-02-20 11:03:20'),('110112117221','220','鲁城村委会','110112117','2021-02-20 11:03:20','2021-02-20 11:03:20'),('110112117223','220','东河村村委会','110112117','2021-02-20 11:03:20','2021-02-20 11:03:20'),('110112117225','220','德仁务前街村委会','110112117','2021-02-20 11:03:20','2021-02-20 11:03:20'),('110112117227','220','德仁务后街村委会','110112117','2021-02-20 11:03:20','2021-02-20 11:03:20'),('110112117229','220','后马坊村委会','110112117','2021-02-20 11:03:20','2021-02-20 11:03:20'),('110112117231','220','半截河村委会','110112117','2021-02-20 11:03:20','2021-02-20 11:03:20'),('110112117233','220','三垡村委会','110112117','2021-02-20 11:03:20','2021-02-20 11:03:20'),('110112117235','220','胡家村村委会','110112117','2021-02-20 11:03:20','2021-02-20 11:03:20'),('110112117237','220','熬硝营村委会','110112117','2021-02-20 11:03:20','2021-02-20 11:03:20'),('110112119201','121','胡各庄村委会','110112119','2021-02-20 11:05:28','2021-02-20 11:05:28'),('110112119203','111','东杨庄村委会','110112119','2021-02-20 11:05:28','2021-02-20 11:05:28'),('110112119205','123','古城村委会','110112119','2021-02-20 11:05:28','2021-02-20 11:05:28'),('110112119207','123','郝家府村委会','110112119','2021-02-20 11:05:28','2021-02-20 11:05:28'),('110112119209','112','孙各庄村委会','110112119','2021-02-20 11:05:28','2021-02-20 11:05:28'),('110112119211','123','常屯村委会','110112119','2021-02-20 11:05:28','2021-02-20 11:05:28'),('110112119213','122','堡辛村委会','110112119','2021-02-20 11:05:28','2021-02-20 11:05:28'),('110112119215','121','前北营村委会','110112119','2021-02-20 11:05:28','2021-02-20 11:05:28'),('110112119217','220','大营村委会','110112119','2021-02-20 11:05:28','2021-02-20 11:05:28'),('110112119219','123','东夏园村委会','110112119','2021-02-20 11:05:28','2021-02-20 11:05:28'),('110112119221','220','东小营村委会','110112119','2021-02-20 11:05:28','2021-02-20 11:05:28'),('110112119223','220','东堡村委会','110112119','2021-02-20 11:05:28','2021-02-20 11:05:28'),('110112119225','123','黎辛庄村委会','110112119','2021-02-20 11:05:28','2021-02-20 11:05:28'),('110112119227','220','八各庄村委会','110112119','2021-02-20 11:05:28','2021-02-20 11:05:28'),('110112119229','220','后榆村委会','110112119','2021-02-20 11:05:28','2021-02-20 11:05:28'),('110112119231','220','贾后疃村委会','110112119','2021-02-20 11:05:28','2021-02-20 11:05:28'),('110112119233','220','前疃村委会','110112119','2021-02-20 11:05:28','2021-02-20 11:05:28'),('110112119235','220','东刘庄村委会','110112119','2021-02-20 11:05:28','2021-02-20 11:05:28'),('110112119237','220','小甘棠村委会','110112119','2021-02-20 11:05:28','2021-02-20 11:05:28'),('110112119239','220','凌家庙村村委会','110112119','2021-02-20 11:05:28','2021-02-20 11:05:28'),('110112119241','220','李疃村委会','110112119','2021-02-20 11:05:28','2021-02-20 11:05:28'),('110112119243','220','兴各庄村委会','110112119','2021-02-20 11:05:28','2021-02-20 11:05:28'),('110112119245','220','大豆各庄村委会','110112119','2021-02-20 11:05:28','2021-02-20 11:05:28'),('110112119247','220','武窑村委会','110112119','2021-02-20 11:05:28','2021-02-20 11:05:28'),('110112119249','220','崔家楼村村委会','110112119','2021-02-20 11:05:28','2021-02-20 11:05:28'),('110112119251','220','小东各庄村委会','110112119','2021-02-20 11:05:28','2021-02-20 11:05:28'),('110112119253','220','康各庄村委会','110112119','2021-02-20 11:05:28','2021-02-20 11:05:28'),('110112120001','111','天赐良园社区居委会','110112120','2021-02-20 11:03:12','2021-02-20 11:03:12'),('110112120003','111','运乔嘉园社区居委会','110112120','2021-02-20 11:03:12','2021-02-20 11:03:12'),('110112120006','111','潞苑南里社区居委会','110112120','2021-02-20 11:03:12','2021-02-20 11:03:12'),('110112120008','111','东潞苑西区社区居委会','110112120','2021-02-20 11:03:12','2021-02-20 11:03:12'),('110112120010','111','西马庄社区居委会','110112120','2021-02-20 11:03:12','2021-02-20 11:03:12'),('110112120012','111','世纪星城兴业园社区居委会','110112120','2021-02-20 11:03:12','2021-02-20 11:03:12'),('110112120014','111','杨庄南里西区社区居委会','110112120','2021-02-20 11:03:12','2021-02-20 11:03:12'),('110112120016','111','艺苑东里社区居委会','110112120','2021-02-20 11:03:12','2021-02-20 11:03:12'),('110112120018','111','潞苑嘉园社区居委会','110112120','2021-02-20 11:03:12','2021-02-20 11:03:12'),('110112120020','111','杨富店社区居委会','110112120','2021-02-20 11:03:12','2021-02-20 11:03:12'),('110112120022','111','杨庄通广嘉园社区居委会','110112120','2021-02-20 11:03:12','2021-02-20 11:03:12'),('110112120025','111','潞苑北里社区居委会','110112120','2021-02-20 11:03:12','2021-02-20 11:03:12'),('110112120027','111','珠江家园社区居民委员会','110112120','2021-02-20 11:03:12','2021-02-20 11:03:12'),('110112120029','111','榆东一街社区居民委员会','110112120','2021-02-20 11:03:12','2021-02-20 11:03:12'),('110112120201','111','永顺村村委会','110112120','2021-02-20 11:03:12','2021-02-20 11:03:12'),('110112120203','111','范庄村委会','110112120','2021-02-20 11:03:12','2021-02-20 11:03:12'),('110112120205','112','李庄村村委会','110112120','2021-02-20 11:03:12','2021-02-20 11:03:12'),('110112120207','111','苏坨村委会','110112120','2021-02-20 11:03:12','2021-02-20 11:03:12'),('110112120209','111','龙旺庄村委会','110112120','2021-02-20 11:03:12','2021-02-20 11:03:12'),('110112120211','111','王家场村委会','110112120','2021-02-20 11:03:12','2021-02-20 11:03:12'),('110112120213','111','西马庄村委会','110112120','2021-02-20 11:03:12','2021-02-20 11:03:12'),('110112120217','111','杨庄村村委会','110112120','2021-02-20 11:03:12','2021-02-20 11:03:12'),('110112120219','111','南关村委会','110112120','2021-02-20 11:03:12','2021-02-20 11:03:12'),('110112120221','112','乔庄村村委会','110112120','2021-02-20 11:03:12','2021-02-20 11:03:12'),('110112120223','111','前上坡村委会','110112120','2021-02-20 11:03:12','2021-02-20 11:03:12'),('110112121001','111','新华联家园南区社区居委会','110112121','2021-02-20 11:03:17','2021-02-20 11:03:17'),('110112121003','111','靓景明居社区居委会','110112121','2021-02-20 11:03:17','2021-02-20 11:03:17'),('110112121005','111','龙鼎园社区居委会','110112121','2021-02-20 11:03:17','2021-02-20 11:03:17'),('110112121007','111','梨园东里社区居委会','110112121','2021-02-20 11:03:17','2021-02-20 11:03:17'),('110112121009','111','翠景北里社区居委会','110112121','2021-02-20 11:03:17','2021-02-20 11:03:17'),('110112121011','111','云景东里社区居委会','110112121','2021-02-20 11:03:17','2021-02-20 11:03:17'),('110112121013','111','群芳园社区居委会','110112121','2021-02-20 11:03:17','2021-02-20 11:03:17'),('110112121015','111','颐瑞东里社区居委会','110112121','2021-02-20 11:03:17','2021-02-20 11:03:17'),('110112121017','111','曼城家园社区居委会','110112121','2021-02-20 11:03:17','2021-02-20 11:03:17'),('110112121019','111','翠屏北里社区居委会','110112121','2021-02-20 11:03:17','2021-02-20 11:03:17'),('110112121021','111','翠屏南里社区居委会','110112121','2021-02-20 11:03:17','2021-02-20 11:03:17'),('110112121023','111','铭悦园社区居委会','110112121','2021-02-20 11:03:17','2021-02-20 11:03:17'),('110112121025','111','临河里社区居委会','110112121','2021-02-20 11:03:17','2021-02-20 11:03:17'),('110112121201','111','车里坟村委会','110112121','2021-02-20 11:03:17','2021-02-20 11:03:17'),('110112121203','111','北杨洼村委会','110112121','2021-02-20 11:03:17','2021-02-20 11:03:17'),('110112121205','111','东总屯村委会','110112121','2021-02-20 11:03:17','2021-02-20 11:03:17'),('110112121207','111','李老公庄村委会','110112121','2021-02-20 11:03:17','2021-02-20 11:03:17'),('110112121209','111','刘老公庄村委会','110112121','2021-02-20 11:03:17','2021-02-20 11:03:17'),('110112121211','111','小街二队村委会','110112121','2021-02-20 11:03:17','2021-02-20 11:03:17'),('110112121213','112','西小马庄村委会','110112121','2021-02-20 11:03:17','2021-02-20 11:03:17'),('110112121215','112','孙王场村委会','110112121','2021-02-20 11:03:17','2021-02-20 11:03:17'),('110112121217','112','砖厂村委会','110112121','2021-02-20 11:03:17','2021-02-20 11:03:17'),('110112121219','112','大稿村委会','110112121','2021-02-20 11:03:17','2021-02-20 11:03:17'),('110112121221','111','魏家坟村委会','110112121','2021-02-20 11:03:17','2021-02-20 11:03:17'),('110112121223','111','大马庄村委会','110112121','2021-02-20 11:03:17','2021-02-20 11:03:17'),('110112121225','111','曹园村委会','110112121','2021-02-20 11:03:17','2021-02-20 11:03:17'),('110112209001','210','于家务西里社区居委会','110112209','2021-02-20 11:05:31','2021-02-20 11:05:31'),('110112209201','210','于家务村委会','110112209','2021-02-20 11:05:31','2021-02-20 11:05:31'),('110112209203','220','北辛店村委会','110112209','2021-02-20 11:05:31','2021-02-20 11:05:31'),('110112209205','220','东马各庄村委会','110112209','2021-02-20 11:05:31','2021-02-20 11:05:31'),('110112209207','220','神仙村委会','110112209','2021-02-20 11:05:31','2021-02-20 11:05:31'),('110112209209','220','渠头村村委会','110112209','2021-02-20 11:05:31','2021-02-20 11:05:31'),('110112209211','220','满庄村村委会','110112209','2021-02-20 11:05:31','2021-02-20 11:05:31'),('110112209213','220','崔各庄村委会','110112209','2021-02-20 11:05:31','2021-02-20 11:05:31'),('110112209215','220','小海字村村委会','110112209','2021-02-20 11:05:31','2021-02-20 11:05:31'),('110112209217','220','吴寺村村委会','110112209','2021-02-20 11:05:31','2021-02-20 11:05:31'),('110112209219','220','南刘庄村委会','110112209','2021-02-20 11:05:31','2021-02-20 11:05:31'),('110112209221','220','西垡村村委会','110112209','2021-02-20 11:05:31','2021-02-20 11:05:31'),('110112209223','220','前伏村委会','110112209','2021-02-20 11:05:31','2021-02-20 11:05:31'),('110114007010','111','九台社区居委会','110114007','2021-02-20 11:03:53','2021-02-20 11:03:53'),('110114007030','111','森林大第家园社区居委会','110114007','2021-02-20 11:03:53','2021-02-20 11:03:53'),('110114007045','111','悦府家园社区居委会','110114007','2021-02-20 11:03:53','2021-02-20 11:03:53'),('110114007204','111','中滩村委会','110114007','2021-02-20 11:03:53','2021-02-20 11:03:53'),('110114007206','123','单家村村委会','110114007','2021-02-20 11:03:53','2021-02-20 11:03:53'),('110114007208','111','兰各庄村委会','110114007','2021-02-20 11:03:53','2021-02-20 11:03:53'),('110114007212','111','魏窑村委会','110114007','2021-02-20 11:03:53','2021-02-20 11:03:53'),('110114007214','111','马连店村委会','110114007','2021-02-20 11:03:53','2021-02-20 11:03:53'),('110114011001','111','龙博苑社区居委会','110114011','2021-02-20 11:03:48','2021-02-20 11:03:48'),('110114011003','111','龙城社区居委会','110114011','2021-02-20 11:03:48','2021-02-20 11:03:48'),('110114011005','111','东村家园社区居委会','110114011','2021-02-20 11:03:48','2021-02-20 11:03:48'),('110114011007','111','吉晟别墅社区居委会','110114011','2021-02-20 11:03:48','2021-02-20 11:03:48'),('110114011009','111','新龙城社区居委会','110114011','2021-02-20 11:03:48','2021-02-20 11:03:48'),('110114011011','111','新康园社区居委会','110114011','2021-02-20 11:03:48','2021-02-20 11:03:48'),('110114011013','111','龙兴园北区社区居委会','110114011','2021-02-20 11:03:48','2021-02-20 11:03:48'),('110114011015','111','二拨子社区居委会','110114011','2021-02-20 11:03:48','2021-02-20 11:03:48'),('110114011017','111','回龙观新村社区居委会','110114011','2021-02-20 11:03:48','2021-02-20 11:03:48'),('110114011019','111','融泽家园二区社区居委会','110114011','2021-02-20 11:03:48','2021-02-20 11:03:48'),('110114011021','111','金域国际社区居委会','110114011','2021-02-20 11:03:48','2021-02-20 11:03:48'),('110114011201','123','回龙观村委会','110114011','2021-02-20 11:03:48','2021-02-20 11:03:48'),('110114112201','121','西崔村委会','110114112','2021-02-20 11:03:31','2021-02-20 11:03:31'),('110114112203','220','大辛峰村委会','110114112','2021-02-20 11:03:31','2021-02-20 11:03:31'),('110114112205','220','南庄营村委会','110114112','2021-02-20 11:03:31','2021-02-20 11:03:31'),('110114112207','122','东崔村委会','110114112','2021-02-20 11:03:31','2021-02-20 11:03:31'),('110114112209','220','麻峪村委会','110114112','2021-02-20 11:03:31','2021-02-20 11:03:31'),('110114112211','220','西峪村委会','110114112','2021-02-20 11:03:31','2021-02-20 11:03:31'),('110114113001','121','善缘家园社区居委会','110114113','2021-02-20 11:03:32','2021-02-20 11:03:32'),('110114113201','121','百善村委会','110114113','2021-02-20 11:03:32','2021-02-20 11:03:32'),('110114113203','220','半壁街村委会','110114113','2021-02-20 11:03:32','2021-02-20 11:03:32'),('110114113205','220','上东廓村委会','110114113','2021-02-20 11:03:32','2021-02-20 11:03:32'),('110114113207','220','二德庄村委会','110114113','2021-02-20 11:03:32','2021-02-20 11:03:32'),('110114113209','220','孟祖村委会','110114113','2021-02-20 11:03:32','2021-02-20 11:03:32'),('110114113211','220','狮子营村委会','110114113','2021-02-20 11:03:32','2021-02-20 11:03:32'),('110114113213','220','钟家营村委会','110114113','2021-02-20 11:03:32','2021-02-20 11:03:32'),('110114120201','220','黑山寨村委会','110114120','2021-02-20 11:03:58','2021-02-20 11:03:58'),('110114120203','220','望宝川村委会','110114120','2021-02-20 11:03:58','2021-02-20 11:03:58'),('110114120205','220','南庄村委会','110114120','2021-02-20 11:03:58','2021-02-20 11:03:58'),('110114120207','220','辛庄村委会','110114120','2021-02-20 11:03:58','2021-02-20 11:03:58'),('110114120209','220','下庄村委会','110114120','2021-02-20 11:03:58','2021-02-20 11:03:58'),('110114120211','220','海字村委会','110114120','2021-02-20 11:03:58','2021-02-20 11:03:58'),('110114120213','220','湖门村委会','110114120','2021-02-20 11:03:58','2021-02-20 11:03:58'),('110114120215','220','花果山村委会','110114120','2021-02-20 11:03:58','2021-02-20 11:03:58'),('110114120217','220','百合村委会','110114120','2021-02-20 11:03:58','2021-02-20 11:03:58'),('110118101001','121','第一社区居民委员会','110118101','2021-02-20 14:18:51','2021-02-20 14:18:51'),('110118101003','121','第三社区居民委员会','110118101','2021-02-20 14:18:51','2021-02-20 14:18:51'),('110118101005','121','第五社区居民委员会','110118101','2021-02-20 14:18:51','2021-02-20 14:18:51'),('110118101007','123','云溪社区居民委员会','110118101','2021-02-20 14:18:51','2021-02-20 14:18:51'),('110118101200','122','北白岩村民委员会','110118101','2021-02-20 14:18:51','2021-02-20 14:18:51'),('110118101202','220','金叵罗村民委员会','110118101','2021-02-20 14:18:51','2021-02-20 14:18:51'),('110118101204','122','走马庄村民委员会','110118101','2021-02-20 14:18:51','2021-02-20 14:18:51'),('110118101206','220','东智东村民委员会','110118101','2021-02-20 14:18:51','2021-02-20 14:18:51'),('110118101208','220','东智北村民委员会','110118101','2021-02-20 14:18:51','2021-02-20 14:18:51'),('110118101210','220','黑山寺村民委员会','110118101','2021-02-20 14:18:51','2021-02-20 14:18:51'),('110118101212','220','白草洼村民委员会','110118101','2021-02-20 14:18:51','2021-02-20 14:18:51');
/*!40000 ALTER TABLE `village_table` ENABLE KEYS */;
UNLOCK TABLES;
/*!40103 SET TIME_ZONE=@OLD_TIME_ZONE */;

/*!40101 SET SQL_MODE=@OLD_SQL_MODE */;
/*!40014 SET FOREIGN_KEY_CHECKS=@OLD_FOREIGN_KEY_CHECKS */;
/*!40014 SET UNIQUE_CHECKS=@OLD_UNIQUE_CHECKS */;
/*!40101 SET CHARACTER_SET_CLIENT=@OLD_CHARACTER_SET_CLIENT */;
/*!40101 SET CHARACTER_SET_RESULTS=@OLD_CHARACTER_SET_RESULTS */;
/*!40101 SET COLLATION_CONNECTION=@OLD_COLLATION_CONNECTION */;
/*!40111 SET SQL_NOTES=@OLD_SQL_NOTES */;

-- Dump completed on 2021-02-20 14:45:09
